bit,center_sample,reference,received,power_1200,power_2200,soft_value,confidence,timing_correction,decision_ratio
0,36839.976989,1,1,7.005674935e-6,5.283518987e-4,0.90951795,0.90951795,0.000000,3.57364962
1,37311.307215,0,0,4.039881477e-4,2.227912022e-5,-0.96960538,0.96960538,-8.609402,3.57364962
2,37791.232494,1,1,1.145714131e-4,7.714885412e-4,0.30658167,0.30658167,0.000000,3.57364962
3,38271.157773,0,0,3.556327618e-4,6.099346271e-5,-0.90841137,0.90841137,0.000000,3.57364962
4,38751.083052,1,1,2.467606109e-4,1.221145074e-3,0.16134673,0.16134673,0.000000,3.57364962
5,39231.008331,0,0,3.819690402e-4,5.248288462e-5,-0.92595041,0.92595041,0.000000,3.57364962
6,39710.933611,1,1,1.975679243e-4,1.451455964e-3,0.34550142,0.34550142,0.000000,3.57364962
7,40190.858890,0,0,5.198777601e-4,8.537037230e-5,-0.91213566,0.91213566,0.000000,3.57364962
8,40670.784169,1,1,2.853964365e-4,1.362541698e-3,0.13490482,0.13490482,0.000000,3.63919816
9,41150.709448,0,0,4.380615082e-4,1.259457380e-4,-0.85842086,0.85842086,0.000000,3.77392419
10,41630.634728,1,1,2.358376641e-4,1.451478752e-3,0.22257486,0.22257486,0.000000,3.91363788
11,42110.560007,0,0,4.365150798e-4,1.956505152e-4,-0.80109312,0.80109312,0.000000,4.05852389
12,42590.485286,1,1,1.946243094e-4,1.835642786e-3,0.38290028,0.38290028,0.000000,4.20877369
13,43070.410565,0,0,4.587766086e-4,1.393916298e-4,-0.86983459,0.86983459,0.000000,4.36458587
14,43550.192853,1,1,1.217085624e-4,2.361992837e-3,0.62176551,0.62176551,-0.142754,4.52616633
15,44039.901091,0,0,6.747256373e-4,1.629209127e-4,-0.90214666,0.90214666,9.767156,4.69372863
16,44519.858452,1,1,2.874931575e-4,2.086101999e-3,0.19702653,0.19702653,0.000000,4.86749422
17,44999.815812,0,0,6.281268368e-4,1.527667413e-4,-0.90806483,0.90806483,0.000000,5.04769275
18,45479.773173,1,1,1.877591397e-4,2.287256347e-3,0.39889364,0.39889364,0.000000,5.23456238
19,45959.730533,0,0,5.664995991e-4,2.212453839e-4,-0.86576559,0.86576559,0.000000,5.42835007
20,46439.687894,1,1,1.845682969e-4,3.145668404e-3,0.50342810,0.50342810,0.000000,5.62931194
21,46919.645254,0,0,6.715740907e-4,2.135058111e-4,-0.89670647,0.89670647,0.000000,5.83771357
22,47401.918874,1,1,7.856434480e-5,4.052615300e-3,0.78993330,0.78993330,2.312405,6.05383040
23,47881.883943,0,0,5.923678808e-4,2.528330059e-4,-0.87268234,0.87268234,0.000000,6.27794805
24,48361.849011,1,1,2.798582223e-4,3.577340793e-3,0.32697730,0.32697730,0.000000,6.48318568
25,48841.814080,0,0,5.947048775e-4,1.473613474e-4,-0.92833262,0.92833262,0.000000,6.66718457
26,49321.779148,1,1,2.354389665e-4,4.042768200e-3,0.42928918,0.42928918,0.000000,6.85640552
27,49801.744217,0,0,5.334199580e-4,2.206042278e-4,-0.88919223,0.88919223,0.000000,7.05099674
28,50279.585645,1,1,7.909025642e-5,4.807163565e-3,0.78683186,0.78683186,-2.120107,7.25111063
29,50767.509767,0,0,6.601903276e-4,1.001251357e-4,-0.96013413,0.96013413,7.952865,7.45690395
30,51244.253990,1,1,1.250027744e-4,6.184864451e-3,0.73161760,0.73161760,-3.234897,7.66853788
31,51724.227718,0,0,6.609734371e-4,2.523620298e-4,-0.90764286,0.90764286,0.000000,7.88617817
32,52204.201446,1,1,2.406777361e-4,5.381826323e-3,0.46769310,0.46769310,0.000000,8.10999530
33,52684.175174,0,0,5.690032610e-4,9.248977565e-5,-0.96176584,0.96176584,0.000000,8.34016457
34,53164.148902,1,1,1.939506321e-4,5.828083310e-3,0.55590398,0.55590398,0.000000,8.57686626
35,53644.122630,0,0,7.419422854e-4,1.922337139e-4,-0.94292667,0.94292667,0.000000,8.82028576
36,54121.324205,1,1,1.611958365e-4,6.818347886e-3,0.64684587,0.64684587,-2.767540,9.07061374
37,54601.288708,0,0,6.300713834e-4,9.003374264e-5,-0.96982464,0.96982464,0.000000,9.32804626
38,55080.000568,1,1,8.692336075e-5,8.448322175e-3,0.82033553,0.82033553,-1.250559,9.59278496
39,55559.960902,0,0,6.057077979e-4,2.616207067e-4,-0.91610621,0.91610621,0.000000,9.86503719
40,56036.140342,1,1,1.280953471e-4,7.350476766e-3,0.70241346,0.70241346,-3.774604,10.03068034
41,56516.088095,0,0,7.437406966e-4,1.907687849e-4,-0.95039019,0.95039019,0.000000,10.08415935
42,56994.982909,1,1,1.041680998e-4,6.919767856e-3,0.73518742,0.73518742,-1.051186,10.13792348
43,57474.927157,0,0,7.543799635e-4,3.154846599e-4,-0.92116929,0.92116929,0.000000,10.19197426
44,57953.945356,1,1,9.876590252e-5,8.472072982e-3,0.78659215,0.78659215,-0.924509,10.24631322
45,58433.886523,0,0,6.584531763e-4,3.075988667e-4,-0.91323373,0.91323373,0.000000,10.30094188
46,58912.028116,1,1,1.123934782e-4,9.943294854e-3,0.79041908,0.79041908,-1.796579,10.35586180
47,59391.963295,0,0,8.202685013e-4,4.758907766e-4,-0.89443144,0.89443144,0.000000,10.41107453
48,59871.984457,1,1,8.444947433e-5,8.764072250e-3,0.81677029,0.81677029,0.085841,10.46658163
49,60351.919921,0,0,8.013370441e-4,5.149500825e-4,-0.88488783,0.88488783,0.000000,10.52238466
50,60831.493001,1,1,1.212972174e-4,8.507384440e-3,0.73788111,0.73788111,-0.361782,10.57848521
51,61311.427259,0,0,1.083513663e-3,5.337470470e-4,-0.91146117,0.91146117,0.000000,10.63488487
52,61792.163868,1,1,1.043370061e-4,9.078051057e-3,0.78113124,0.78113124,0.801015,10.69158522
53,62272.100796,0,0,8.264180111e-4,4.602252089e-4,-0.90148289,0.90148289,0.000000,10.74858787
54,62752.927355,1,1,4.474289889e-5,1.062759325e-2,0.91297209,0.91297209,0.888150,10.80589443
55,63232.867244,0,0,8.910536581e-4,5.108536416e-4,-0.89974240,0.89974240,0.000000,10.86350653
56,63712.184427,1,1,5.246343043e-5,9.643967266e-3,0.88811932,0.88811932,-0.621670,10.89242766
57,64192.122244,0,0,1.023701992e-3,6.862119120e-4,-0.88405460,0.88405460,0.000000,10.89242766
58,64673.551250,1,1,1.012829040e-4,9.240984178e-3,0.78669851,0.78669851,1.488708,10.89242766
59,65153.494030,0,0,8.978739501e-4,6.834134777e-4,-0.86937117,0.86937117,0.000000,10.89242766
60,65632.118717,1,1,8.903257724e-5,1.085596924e-2,0.83598826,0.83598826,-1.315898,10.89242766
61,66112.057110,0,0,8.819754592e-4,5.137131007e-4,-0.89848136,0.89848136,0.000000,10.89242766
62,66591.522666,1,1,8.519991314e-5,1.152350174e-2,0.85093664,0.85093664,-0.472050,10.89242766
63,67071.459485,0,0,1.147254772e-3,5.602358217e-4,-0.91418367,0.91418367,0.000000,10.89242766
64,67551.900390,1,1,6.970411915e-5,1.127972922e-2,0.87386850,0.87386850,0.503247,10.89242766
65,68031.838887,1,1,3.876495100e-5,1.244383444e-2,0.93436315,0.93436315,0.000000,10.89242766
66,68516.545284,0,0,1.825635423e-3,1.963949731e-3,-0.82022974,0.82022974,4.759967,10.89242766
67,68986.883178,1,1,1.901049996e-4,8.674119443e-3,0.61456700,0.61456700,-9.600468,10.89242766
68,69477.799993,0,0,1.559900449e-3,1.211975825e-3,-0.86683837,0.86683837,10.976159,10.89242766
69,69957.758942,0,0,1.041961831e-3,4.975405970e-4,-0.91600588,0.91600588,0.000000,10.89242766
70,70430.169818,1,1,4.501183848e-5,1.027579422e-2,0.90891985,0.90891985,-7.535514,10.89242766
71,70910.103649,1,1,4.331597648e-6,1.533463169e-2,0.99386527,0.99386527,0.000000,10.89242766
72,71390.037479,1,1,5.601318030e-6,1.675976620e-2,0.99274564,0.99274564,0.000000,10.89242766
73,71881.829854,0,0,1.455117716e-3,1.836420164e-3,-0.79233281,0.79233281,11.838813,10.89242766
74,72361.803147,0,0,4.918738797e-4,5.236642572e-4,-0.82192424,0.82192424,0.000000,10.89242766
75,72829.821597,1,1,9.992315285e-5,9.958733351e-3,0.80295247,0.80295247,-11.934951,10.89242766
76,73319.176118,0,0,1.324984498e-3,7.046301770e-4,-0.90689918,0.90689918,9.405334,10.89242766
77,73799.140979,0,0,8.216714864e-4,6.102935589e-4,-0.87232741,0.87232741,0.000000,10.89242766
78,74279.105840,0,0,6.483745240e-4,1.352117109e-4,-0.96242859,0.96242859,0.000000,10.89242766
79,74751.961604,1,1,6.492142968e-5,9.027045394e-3,0.85470770,0.85470770,-7.097269,10.89242766
80,75231.902807,0,0,6.576713065e-4,4.886993050e-4,-0.87227449,0.87227449,0.000000,10.89242766
81,75711.844011,0,0,8.012353337e-4,7.555225118e-4,-0.84065615,0.84065615,0.000000,10.89242766
82,76191.785215,0,0,4.801510407e-4,1.213314247e-5,-0.99537092,0.99537092,0.000000,10.89242766
83,76671.726418,0,0,7.297787874e-4,1.777369602e-4,-0.95625905,0.95625905,0.000000,10.89242766
84,77151.667622,0,0,6.948223721e-4,2.047366561e-6,-0.99945911,0.99945911,0.000000,10.89242766
85,77631.608826,0,0,8.938695906e-4,2.796326815e-5,-0.99427239,0.99427239,0.000000,10.89242766
86,78111.550029,0,0,6.798557914e-4,3.409511515e-7,-0.99990792,0.99990792,0.000000,10.89242766
87,78584.613348,1,1,1.479825640e-4,7.262633216e-3,0.63673778,0.63673778,-6.866441,10.89242766
88,79077.607000,0,0,5.685999378e-4,1.947250548e-4,-0.93903562,0.93903562,13.053581,10.89242766
89,79557.568827,0,0,6.552589026e-4,4.130375299e-4,-0.89059185,0.89059185,0.000000,10.89242766
90,80037.530655,0,0,4.074496729e-4,5.999777824e-6,-0.99729990,0.99729990,0.000000,10.89242766
91,80517.492482,0,0,6.555682044e-4,6.104790096e-5,-0.98304643,0.98304643,0.000000,10.89242766
92,80997.454310,0,0,7.422839669e-4,1.523533248e-6,-0.99962320,0.99962320,0.000000,10.89242766
93,81477.416137,0,0,9.018503657e-4,1.671339419e-6,-0.99965978,0.99965978,0.000000,10.89242766
94,81957.377965,0,0,5.641119965e-4,1.558487438e-6,-0.99949285,0.99949285,0.000000,10.89242766
95,82437.339792,0,0,4.103122928e-4,1.373095890e-5,-0.99387425,0.99387425,0.000000,10.89242766
96,82917.301619,0,0,4.260522503e-4,7.648841856e-8,-0.99996704,0.99996704,0.000000,10.89242766
97,83397.263447,0,0,3.560536267e-4,3.212573196e-6,-0.99834467,0.99834467,0.000000,10.89242766
98,83866.938457,1,1,2.309854980e-5,6.530316954e-3,0.92580289,0.92580289,-10.269701,10.89242766
99,84358.523025,0,0,4.572075997e-4,1.322339157e-4,-0.94826868,0.94826868,11.637577,10.89242766
100,84833.100030,1,1,9.946983282e-6,7.209392606e-3,0.97038791,0.97038791,-5.380415,10.89242766
101,85320.716448,0,0,5.653119100e-4,5.089478711e-5,-0.98360484,0.98360484,7.655207,10.89242766
102,85800.687253,1,1,1.744665474e-5,8.228821653e-3,0.95485458,0.95485458,-0.003159,10.89242766
103,86280.661213,1,1,3.797696258e-6,9.744994571e-3,0.99154617,0.99154617,0.000000,10.89242766
104,86760.635172,1,1,4.113350578e-5,1.372712989e-2,0.93678473,0.93678473,0.000000,10.89242766
105,87240.609131,1,1,2.567220333e-6,1.235940639e-2,0.99548520,0.99548520,0.000000,10.89242766
106,87725.178361,0,0,1.355659510e-3,6.113277772e-4,-0.92049191,0.92049191,4.587625,10.89242766
107,88205.167612,0,0,5.806296614e-4,7.023003039e-5,-0.97803491,0.97803491,0.000000,10.89242766
108,88675.912979,1,1,5.050666221e-5,8.842211039e-3,0.88285358,0.88285358,-9.228504,10.89242766
109,89162.692618,0,0,9.222267344e-4,4.718959345e-4,-0.91026192,0.91026192,6.809800,10.89242766
110,89637.741418,1,1,7.298068824e-5,1.018588416e-2,0.85521358,0.85521358,-4.924182,10.89242766
111,90117.706193,1,1,4.868385313e-5,1.075309851e-2,0.90600597,0.90600597,0.000000,10.89242766
112,90602.161950,0,0,1.210613634e-3,1.168445787e-3,-0.83720676,0.83720676,4.483509,10.89242766
113,91082.141670,0,0,8.302766033e-4,4.268375515e-4,-0.90986018,0.90986018,0.000000,10.89242766
114,91562.121390,0,0,1.027015629e-3,1.930166513e-4,-0.96607705,0.96607705,0.000000,10.89242766
115,92042.101110,0,0,6.569987527e-4,2.590613365e-4,-0.93012857,0.93012857,0.000000,10.89242766
116,92512.670145,1,1,1.623225576e-4,7.032543154e-3,0.59819087,0.59819087,-9.395026,10.89242766
117,92992.618549,1,1,1.224573877e-5,8.630879258e-3,0.96956144,0.96956144,0.000000,10.89242766
118,93472.566952,1,1,3.826594585e-5,1.261329130e-2,0.93602366,0.93602366,0.000000,10.89242766
119,93965.015921,0,0,8.135881872e-4,1.045017224e-3,-0.78903389,0.78903389,12.479767,10.89242766
120,94445.005924,0,0,9.472276819e-4,2.908504638e-4,-0.94516631,0.94516631,0.000000,10.89242766
121,94924.995926,0,0,3.557104422e-4,2.865821076e-4,-0.86225763,0.86225763,0.000000,10.89242766
122,95396.997117,1,1,3.010726495e-5,7.386779467e-3,0.91498300,0.91498300,-7.975519,10.89242766
123,95876.960534,1,1,3.424992521e-6,9.094624148e-3,0.99182944,0.99182944,0.000000,10.89242766
124,96356.923952,1,1,7.755916392e-6,1.223526235e-2,0.98628531,0.98628531,0.000000,10.89242766
125,96836.887369,1,1,3.626379648e-6,1.241279455e-2,0.99365578,0.99365578,0.000000,10.89242766
126,97316.850786,1,1,2.150041711e-5,1.467371711e-2,0.96858154,0.96858154,0.000000,10.89242766
127,97805.029088,0,0,8.637949598e-4,5.524339501e-4,-0.88908350,0.88908350,8.201216,10.89242766
128,98285.019843,0,0,1.002569995e-3,2.534298394e-4,-0.95463877,0.95463877,0.000000,10.89242766
129,98765.010598,0,0,7.691990957e-4,5.261713346e-4,-0.88182056,0.88182056,0.000000,10.89242766
130,99245.001353,0,0,7.311476199e-4,2.068288145e-4,-0.94937368,0.94937368,0.000000,10.89242766
131,99724.992107,0,0,5.335805961e-4,1.877569442e-4,-0.93741169,0.93741169,0.000000,10.89242766
132,100204.982862,0,0,5.446962087e-4,8.548941084e-5,-0.97159138,0.97159138,0.000000,10.89242766
133,100684.973617,0,0,3.588451883e-4,1.389962149e-4,-0.93132075,0.93132075,0.000000,10.89242766
134,101164.964372,0,0,4.211918426e-4,1.840787018e-4,-0.92284857,0.92284857,0.000000,10.89242766
135,101644.955126,0,0,4.340216597e-4,1.867457060e-5,-0.99213077,0.99213077,0.000000,10.89242766
136,102124.945881,0,0,4.899093506e-4,1.730675156e-5,-0.99353455,0.99353455,0.000000,10.89242766
137,102604.936636,0,0,4.013306485e-4,1.198090893e-5,-0.99453357,0.99453357,0.000000,10.89242766
138,103084.927391,0,0,4.280795945e-4,2.870963784e-6,-0.99876933,0.99876933,0.000000,10.89242766
139,103564.918145,0,0,4.676058262e-4,2.368187072e-6,-0.99907052,0.99907052,0.000000,10.89242766
140,104044.908900,0,0,5.726157096e-4,1.252779232e-6,-0.99959837,0.99959837,0.000000,10.89242766
141,104524.899655,0,0,5.709568083e-4,1.887742946e-7,-0.99993929,0.99993929,0.000000,10.89242766
142,105004.890410,0,0,3.782021787e-4,1.313008507e-7,-0.99993626,0.99993626,0.000000,10.89242766
143,105484.881164,0,0,4.398723534e-4,2.478535332e-7,-0.99989655,0.99989655,0.000000,10.89242766
144,105964.871919,0,0,4.111035555e-4,1.768928425e-7,-0.99992100,0.99992100,0.000000,10.89242766
145,106444.862674,0,0,4.115349251e-4,6.350457391e-9,-0.99999717,0.99999717,0.000000,10.89242766
146,106924.853429,0,0,4.395331201e-4,2.151140954e-7,-0.99991014,0.99991014,0.000000,10.89242766
147,107404.844183,0,0,4.837650624e-4,5.512852384e-8,-0.99997908,0.99997908,0.000000,10.89242766
148,107884.834938,0,0,5.578862730e-4,5.087356643e-8,-0.99998326,0.99998326,0.000000,10.89242766
149,108364.825693,0,0,5.861545307e-4,1.909619520e-7,-0.99994018,0.99994018,0.000000,10.89242766
150,108844.816448,0,0,3.397671470e-4,3.420416408e-8,-0.99998152,0.99998152,0.000000,10.89242766
151,109324.807202,0,0,3.993299121e-4,3.740536231e-8,-0.99998280,0.99998280,0.000000,10.89242766
152,109804.797957,0,0,4.557948159e-4,9.934150070e-8,-0.99995998,0.99995998,0.000000,10.89242766
153,110284.788712,0,0,3.127866280e-4,1.000181376e-7,-0.99994129,0.99994129,0.000000,10.89242766
154,110764.779467,0,0,2.327512426e-4,6.896893699e-7,-0.99945606,0.99945606,0.000000,10.89242766
155,111233.517371,1,1,2.448556555e-5,6.432521585e-3,0.92037673,0.92037673,-11.234127,10.89242766
156,111723.271690,0,0,4.803887911e-4,1.640756551e-4,-0.93919381,0.93919381,9.784704,10.89242766
157,112203.257614,0,0,5.520865579e-4,3.027237310e-4,-0.90414503,0.90414503,0.000000,10.89242766
158,112683.243537,0,0,2.059657310e-4,6.807135053e-5,-0.94110298,0.94110298,0.000000,10.89242766
159,113154.505040,1,1,1.072303988e-5,6.813711512e-3,0.96629399,0.96629399,-8.709904,10.89242766
160,113645.180193,0,0,4.340596221e-4,1.925394491e-4,-0.92173992,0.92173992,10.700429,10.89242766
161,114116.665622,1,1,7.583818428e-5,7.521000713e-3,0.80207123,0.80207123,-8.492975,10.89242766
162,114604.502600,0,0,6.040136591e-4,7.153452865e-5,-0.97848815,0.97848815,7.859630,10.89242766
163,115084.493047,0,0,7.318119872e-4,2.664959101e-4,-0.93529851,0.93529851,0.000000,10.89242766
164,115556.714698,1,1,1.012442846e-4,6.717605926e-3,0.71796947,0.71796947,-7.755870,10.89242766
165,116042.218407,0,0,1.119740575e-3,3.114000000e-4,-0.95020824,0.95020824,5.529898,10.89242766
166,116522.201435,0,0,9.661073694e-4,1.847325852e-4,-0.96549630,0.96549630,0.000000,10.89242766
167,117002.184462,0,0,7.880617583e-4,4.312392257e-6,-0.99899574,0.99899574,0.000000,10.89242766
168,117482.167489,0,0,3.110115085e-4,8.161588335e-5,-0.95294947,0.95294947,0.000000,10.89242766
169,117962.150517,1,1,1.553492771e-4,7.900098654e-3,0.64718718,0.64718718,0.000000,10.89242766
170,118442.133544,1,1,7.189923768e-7,1.022107192e-2,0.99846874,0.99846874,0.000000,10.89242766
171,118927.339285,0,0,8.971712283e-4,7.342211795e-4,-0.86023612,0.86023612,5.214024,10.89242766
172,119407.339693,0,0,5.655420104e-4,2.499353653e-4,-0.92201779,0.92201779,0.000000,10.89242766
173,119882.217639,1,1,3.169446709e-5,7.173643798e-3,0.90816984,0.90816984,-5.113938,10.89242766
174,120367.386562,0,0,6.918632864e-4,2.620686542e-4,-0.93278688,0.93278688,5.176934,10.89242766
175,120839.391789,1,1,1.050795710e-4,8.816218945e-3,0.77018458,0.77018458,-7.982087,10.89242766
176,121322.725124,0,0,1.065944481e-3,1.850162883e-4,-0.96862998,0.96862998,3.353734,10.89242766
177,121801.552763,1,1,5.327790676e-5,9.133782189e-3,0.88051898,0.88051898,-1.155624,10.89242766
178,122281.534101,1,1,6.403637236e-5,1.075067304e-2,0.87814460,0.87814460,0.000000,10.89242766
179,122762.503134,0,0,1.672818092e-3,7.716273369e-4,-0.91874475,0.91874475,0.986053,10.89242766
180,123236.594143,1,1,1.207440994e-4,7.451432996e-3,0.69995392,0.69995392,-5.883809,10.89242766
181,123716.559155,1,1,1.258472630e-5,1.143808532e-2,0.97631511,0.97631511,0.000000,10.89242766
182,124195.445717,0,0,1.583400192e-3,5.814754923e-4,-0.93477029,0.93477029,-1.076655,10.89242766
183,124675.407140,0,0,1.103533697e-3,2.843003555e-4,-0.95378906,0.95378906,0.000000,10.89242766
184,125155.368563,0,0,4.379563015e-4,1.808822350e-4,-0.92693530,0.92693530,0.000000,10.89242766
185,125626.653844,1,1,9.922333506e-5,8.745802020e-3,0.78002877,0.78002877,-8.661705,10.89242766
186,126106.586394,1,1,5.021755360e-6,1.166841690e-2,0.99066816,0.99066816,0.000000,10.89242766
187,126594.599336,0,0,9.192699408e-4,7.103220454e-4,-0.86751929,0.86751929,8.066947,10.89242766
188,127064.385713,1,1,3.281983984e-5,8.289001709e-3,0.91731032,0.91731032,-10.156137,10.89242766
189,127544.311300,1,1,4.732951012e-5,1.095236170e-2,0.91009104,0.91009104,0.000000,10.89242766
190,128028.239165,0,0,1.363899323e-3,6.653995222e-4,-0.91426134,0.91426134,3.995620,10.89242766
191,128508.178070,0,0,1.180419732e-3,2.584277672e-4,-0.96059370,0.96059370,0.000000,10.89242766
192,128988.116976,0,0,5.261529162e-4,1.079519362e-4,-0.96302405,0.96302405,0.000000,10.89242766
193,129462.581923,1,1,9.702688511e-5,7.942933933e-3,0.76513717,0.76513717,-5.464850,10.89242766
194,129942.502612,1,1,3.506499838e-5,1.080931964e-2,0.93174265,0.93174265,0.000000,10.89242766
195,130431.282199,0,0,1.162094664e-3,7.330916608e-4,-0.89051081,0.89051081,8.844158,10.89242766
196,130906.161913,1,1,7.356211265e-5,7.650653002e-3,0.81039345,0.81039345,-5.062019,10.89242766
197,131386.095209,1,1,7.467622025e-5,1.149748331e-2,0.86785595,0.86785595,0.000000,10.89242766
198,131866.028506,1,1,2.048126957e-6,1.257113028e-2,0.99645703,0.99645703,0.000000,10.89242766
199,132345.961802,1,1,5.179330865e-6,1.392792838e-2,0.99193162,0.99193162,0.000000,10.89242766
200,132831.803032,0,0,1.235077224e-3,6.122728755e-4,-0.91293829,0.91293829,5.898104,10.89242766
201,133311.755989,0,0,4.141341332e-4,3.679634439e-5,-0.98381768,0.98381768,0.000000,10.89242766
202,133782.639009,1,1,7.654578396e-5,8.136869966e-3,0.81411149,0.81411149,-9.054845,10.89242766
203,134272.401042,0,0,7.255926508e-4,2.775076968e-4,-0.93215778,0.93215778,9.822888,10.89242766
204,134752.356559,0,0,7.223307343e-4,3.334813499e-4,-0.91867713,0.91867713,0.000000,10.89242766
205,135232.312076,0,0,4.299123377e-4,9.292459775e-5,-0.96108452,0.96108452,0.000000,10.89242766
206,135712.267592,0,0,5.501622637e-4,5.805642508e-5,-0.98080988,0.98080988,0.000000,10.89242766
207,136192.223109,0,0,5.063946514e-4,5.423484858e-5,-0.98052644,0.98052644,0.000000,10.89242766
208,136672.178626,0,0,5.166394179e-4,2.571818183e-5,-0.99090133,0.99090133,0.000000,10.89242766
209,137149.472471,1,1,9.847884666e-5,6.787340395e-3,0.72705552,0.72705552,-2.657243,10.89242766
210,137629.419130,0,0,3.267975998e-4,4.177875446e-4,-0.78991963,0.78991963,0.000000,10.89242766
211,138099.902215,1,1,3.611433731e-5,6.649867905e-3,0.88829778,0.88829778,-9.447829,10.89242766
212,138591.520862,0,0,5.929964786e-4,4.573913191e-5,-0.98593704,0.98593704,11.684007,10.89242766
213,139071.474975,0,0,8.097658188e-4,1.424941098e-4,-0.96820325,0.96820325,0.000000,10.89242766
214,139544.427766,1,1,7.419144585e-5,7.381427535e-3,0.80264490,0.80264490,-6.989673,10.89242766
215,140024.358580,1,1,1.129289462e-6,1.214822111e-2,0.99797694,0.99797694,0.000000,10.89242766
216,140510.688479,0,0,1.045164993e-3,5.242382295e-4,-0.91195653,0.91195653,6.388437,10.89242766
217,140983.119063,1,1,3.205667697e-5,8.570397187e-3,0.92170588,0.92170588,-7.509009,10.89242766
218,141463.046142,1,1,8.646628900e-5,1.071556559e-2,0.83841537,0.83841537,0.000000,10.89242766
219,141950.037860,0,0,9.207794497e-4,7.422444489e-4,-0.86218707,0.86218707,7.052884,10.89242766
220,142421.953862,1,1,5.464886776e-5,7.722208747e-3,0.85686537,0.85686537,-8.021218,10.89242766
221,142901.877714,1,1,1.345115196e-6,1.156946712e-2,0.99747040,0.99747040,0.000000,10.89242766
222,143381.801565,1,1,4.895111575e-7,1.450167778e-2,0.99926491,0.99926491,0.000000,10.89242766
223,143861.725416,1,1,3.571223931e-6,1.485998102e-2,0.99477823,0.99477823,0.000000,10.89242766
224,144350.240833,0,0,1.069423592e-3,6.308502454e-4,-0.89725122,0.89725122,8.577270,10.89242766
225,144825.038748,1,1,8.850987068e-5,8.622537414e-3,0.79886824,0.79886824,-5.145950,10.89242766
226,145304.974037,1,1,1.952477872e-5,1.188430989e-2,0.96483879,0.96483879,0.000000,10.89242766
227,145791.904215,0,0,1.078899792e-3,7.433217799e-4,-0.88102244,0.88102244,6.983250,10.89242766
228,146261.864902,1,1,7.579410949e-5,8.868025955e-3,0.82966469,0.82966469,-9.981244,10.89242766
229,146741.790197,1,1,1.353837659e-5,1.196678061e-2,0.97565415,0.97565415,0.000000,10.89242766
230,147221.715493,1,1,9.265966783e-6,1.408102710e-2,0.98576658,0.98576658,0.000000,10.89242766
231,147701.640788,0,0,9.376268459e-4,1.149965954e-3,-0.79759463,0.79759463,0.000000,10.89242766
232,148181.566084,0,0,7.087980522e-4,2.079508288e-4,-0.94754335,0.94754335,0.000000,10.89242766
233,148656.263107,1,1,6.544118930e-5,8.262870376e-3,0.84116789,0.84116789,-5.219573,10.89242766
234,149136.171004,1,1,5.789283195e-6,1.265137421e-2,0.99008067,0.99008067,0.000000,10.89242766
235,149626.486048,0,0,7.618994084e-4,6.123391148e-4,-0.86256978,0.86256978,10.389830,10.89242766
236,150097.475760,1,1,3.166633220e-5,9.222535907e-3,0.92789659,0.92789659,-8.937921,10.89242766
237,150577.388497,0,0,4.795565504e-4,2.138882215e-4,-0.92132736,0.92132736,0.000000,10.89242766
238,151057.301234,0,0,8.942936270e-4,4.855083547e-4,-0.90504931,0.90504931,0.000000,10.89242766
239,151528.502139,1,1,1.783757887e-4,8.549815248e-3,0.62965983,0.62965983,-8.697336,10.89242766
240,152016.088610,0,0,1.103665709e-3,2.248546371e-4,-0.96327841,0.96327841,7.689909,10.89242766
241,152495.034709,1,1,1.078982224e-4,9.749442100e-3,0.78484134,0.78484134,-0.961677,10.89242766
242,152974.940882,1,1,8.614780888e-5,1.104202080e-2,0.84335074,0.84335074,0.000000,10.89242766
243,153460.047178,0,0,1.204244222e-3,6.601987279e-4,-0.90416167,0.90416167,5.191471,10.89242766
244,153939.970656,0,0,9.316836763e-4,2.640934632e-4,-0.94927323,0.94927323,0.000000,10.89242766
245,154419.894134,0,0,8.136022888e-4,1.140731620e-4,-0.97458313,0.97458313,0.000000,10.89242766
246,154897.504003,1,1,1.014076200e-4,8.937962067e-3,0.78002070,0.78002070,-2.309760,10.89242766
247,155377.419781,1,1,1.932821050e-5,1.215454695e-2,0.96594746,0.96594746,0.000000,10.89242766
248,155865.108905,0,0,9.276183326e-4,7.517174872e-4,-0.86150774,0.86150774,7.760411,10.89242766
249,156336.197446,1,1,6.457813840e-5,8.041976205e-3,0.83913518,0.83913518,-8.838375,10.89242766
250,156828.624690,0,0,7.227983441e-4,2.925644234e-4,-0.92834215,0.92834215,12.494235,10.89242766
251,157308.578523,0,0,9.454514281e-4,6.480494863e-5,-0.98749309,0.98749309,0.000000,10.89242766
252,157786.439008,1,1,2.900027612e-5,8.166126814e-3,0.92551685,0.92551685,-2.089865,10.89242766
253,158266.385875,1,1,4.169566484e-6,1.120813467e-2,0.99192847,0.99192847,0.000000,10.89242766
254,158754.914777,0,0,9.949580949e-4,1.190071407e-3,-0.80210959,0.80210959,8.567756,10.89242766
255,159234.890203,0,0,7.468216850e-4,4.755101843e-4,-0.88954738,0.88954738,0.000000,10.89242766
256,159714.865629,0,0,2.347754081e-4,2.125765135e-4,-0.84650688,0.84650688,0.000000,10.89242766
257,160194.841055,1,1,3.636925205e-5,9.355748853e-3,0.91875439,0.91875439,0.000000,10.89242766
258,160674.816481,1,1,1.146257565e-5,1.176656764e-2,0.97900078,0.97900078,0.000000,10.89242766
259,161159.627485,0,0,9.541573493e-4,1.006892352e-3,-0.82335194,0.82335194,4.827532,10.89242766
260,161631.630229,1,1,4.896006130e-5,8.173068129e-3,0.87749328,0.87749328,-7.975481,10.89242766
261,162122.884661,0,0,6.811654261e-4,2.604670266e-4,-0.93217015,0.93217015,11.270715,10.89242766
262,162602.887163,0,0,7.736858987e-4,1.381986306e-4,-0.96773140,0.96773140,0.000000,10.89242766
263,163071.859599,1,1,1.063926619e-4,8.709883544e-3,0.76514281,0.76514281,-11.011713,10.89242766
264,163556.047870,0,0,9.932704208e-4,3.071094719e-4,-0.94479544,0.94479544,4.215449,10.89242766
265,164030.493392,1,1,9.093035011e-5,9.782159564e-3,0.81611660,0.81611660,-5.525117,10.89242766
266,164510.454823,1,1,3.759753898e-5,1.114350010e-2,0.92910457,0.92910457,0.000000,10.89242766
267,164993.606842,0,0,1.270057856e-3,5.033554518e-4,-0.92978412,0.92978412,3.185279,10.89242766
268,165464.926480,1,1,5.640531335e-5,9.094801293e-3,0.87344142,0.87344142,-8.638013,10.89242766
269,165944.869734,1,1,1.442538267e-5,1.163694266e-2,0.97335484,0.97335484,0.000000,10.89242766
270,166424.812989,1,1,3.758569368e-6,1.459182123e-2,0.99440434,0.99440434,0.000000,10.89242766
271,166915.380559,0,0,1.265442255e-3,1.132407006e-3,-0.84816359,0.84816359,10.606637,10.89242766
272,167395.359169,0,0,5.191653599e-4,1.140772447e-5,-0.99597354,0.99597354,0.000000,10.89242766
273,167866.741900,1,1,1.040290471e-4,8.449358870e-3,0.76350006,0.76350006,-8.581577,10.89242766
274,168346.691905,1,1,5.904767083e-6,1.307326896e-2,0.99020867,0.99020867,0.000000,10.89242766
275,168833.539080,0,0,1.055339534e-3,6.676502432e-4,-0.89021492,0.89021492,6.885694,10.89242766
276,169307.596158,1,1,5.460362853e-5,9.760116228e-3,0.88512355,0.88512355,-5.906035,10.89242766
277,169787.549429,0,0,4.952623750e-4,2.557335598e-4,-0.90948034,0.90948034,0.000000,10.89242766
278,170262.183541,1,1,4.569193342e-5,1.057812784e-2,0.91012929,0.91012929,-5.310308,10.89242766
279,170742.119111,1,1,2.035024274e-5,1.301344920e-2,0.96650372,0.96650372,0.000000,10.89242766
280,171223.634803,0,0,1.600909408e-3,5.167347149e-4,-0.94243961,0.94243961,1.577494,10.89242766
281,171703.575631,0,0,1.006871908e-3,3.636925386e-4,-0.93580559,0.93580559,0.000000,10.89242766
282,172183.516458,0,0,9.447788718e-4,7.299716060e-5,-0.98591323,0.98591323,0.000000,10.89242766
283,172663.457286,0,0,6.096440224e-4,1.421338530e-4,-0.95808891,0.95808891,0.000000,10.89242766
284,173134.332322,1,1,9.015871780e-5,8.575788649e-3,0.79450425,0.79450425,-9.050708,10.89242766
285,173614.242981,1,1,1.807185406e-5,1.017252404e-2,0.96203311,0.96203311,0.000000,10.89242766
286,174094.153640,0,0,5.688938421e-4,8.767369378e-4,-0.75210213,0.75210213,0.000000,10.89242766
287,174564.948816,1,1,6.076191891e-5,9.207896900e-3,0.86588407,0.86588407,-9.100315,10.89242766
288,175057.934093,0,0,6.246278098e-4,1.140882368e-4,-0.96701604,0.96701604,13.083147,10.89242766
289,175537.858028,0,0,1.282048616e-3,3.127393540e-4,-0.95619087,0.95619087,0.000000,10.89242766
290,176017.781963,0,0,1.100510715e-3,1.970311642e-5,-0.99671804,0.99671804,0.000000,10.89242766
291,176497.705897,0,0,9.797125223e-4,7.320599515e-6,-0.99862894,0.99862894,0.000000,10.89242766
292,176976.867994,1,1,8.541033926e-5,8.078239206e-3,0.79345746,0.79345746,-0.760571,10.89242766
293,177456.789394,0,0,4.523885034e-4,5.216243898e-4,-0.80855128,0.80855128,0.000000,10.89242766
294,177929.767839,1,1,1.359564999e-5,8.412220642e-3,0.96540087,0.96540087,-6.931402,10.89242766
295,178409.666134,0,0,6.437248047e-4,2.555144571e-4,-0.92968047,0.92968047,0.000000,10.89242766
296,178890.443344,1,1,2.366370931e-5,9.211253079e-3,0.94555813,0.94555813,0.877452,10.89242766
297,179381.548674,0,0,9.879208136e-4,1.705758609e-4,-0.96879167,0.96879167,11.185468,10.89242766
298,179861.487179,0,0,1.387891991e-3,3.230068333e-4,-0.95816115,0.95816115,0.000000,10.89242766
299,180341.425684,1,1,2.136449229e-4,7.053510603e-3,0.50384703,0.50384703,0.000000,10.89242766
300,180821.364189,0,0,1.382106711e-3,4.343054194e-4,-0.94392008,0.94392008,0.000000,10.89242766
301,181298.017455,1,1,1.759137930e-4,8.515833370e-3,0.63264277,0.63264277,-3.279772,10.89242766
302,181791.112430,0,0,9.322670493e-4,2.780677995e-4,-0.94669313,0.94669313,13.145494,10.89242766
303,182271.083820,0,0,9.347064871e-4,3.478640444e-4,-0.93392323,0.93392323,0.000000,10.89242766
304,182751.055211,0,0,2.556538136e-4,7.889065646e-5,-0.94490070,0.94490070,0.000000,10.89242766
305,183222.711589,1,1,2.911451051e-5,9.148918207e-3,0.93299680,0.93299680,-8.301177,10.89242766
306,183702.655308,0,0,4.856546699e-4,1.442721108e-4,-0.94690247,0.94690247,0.000000,10.89242766
307,184176.911856,1,1,5.377676988e-5,9.407819946e-3,0.88277282,0.88277282,-5.677709,10.89242766
308,184656.836650,1,1,4.946111518e-5,1.103386125e-2,0.90689197,0.90689197,0.000000,10.89242766
309,185136.761445,1,1,4.596142448e-6,1.533387899e-2,0.99349151,0.99349151,0.000000,10.89242766
310,185628.860951,0,0,1.046594027e-3,4.423468079e-4,-0.92529375,0.92529375,12.154455,10.89242766
311,186108.826260,0,0,1.321462400e-3,2.066493421e-4,-0.97169300,0.97169300,0.000000,10.89242766
312,186588.791569,0,0,8.495398565e-4,4.603894655e-4,-0.90521057,0.90521057,0.000000,10.89242766
313,187068.756878,0,0,5.639472029e-4,1.710143687e-4,-0.94582812,0.94582812,0.000000,10.89242766
314,187538.041209,1,1,1.201530272e-4,7.879034326e-3,0.71510933,0.71510933,-10.663206,10.89242766
315,188017.970974,0,0,4.927991711e-4,3.004530515e-4,-0.89398704,0.89398704,0.000000,10.89242766
316,188497.900739,0,0,2.939664823e-4,5.275141477e-4,-0.71711440,0.71711440,0.000000,10.89242766
317,188977.830504,1,1,7.794778615e-5,8.067855291e-3,0.80956588,0.80956588,0.000000,10.89242766
318,189457.760269,0,0,4.642986369e-4,2.809791361e-4,-0.89473122,0.89473122,0.000000,10.89242766
319,189937.690034,0,0,8.756195595e-4,2.352742122e-4,-0.95185169,0.95185169,0.000000,10.89242766
320,190416.437211,1,1,2.825462470e-5,7.638907776e-3,0.92254328,0.92254328,-1.180620,10.89242766
321,190896.363041,1,1,4.513181901e-6,1.103525626e-2,0.99112998,0.99112998,0.000000,10.89242766
322,191386.104839,0,0,9.469441758e-4,9.883376629e-4,-0.82511722,0.82511722,9.799636,10.89242766
323,191866.063334,0,0,9.910190994e-4,1.451735487e-4,-0.97345951,0.97345951,0.000000,10.89242766
324,192346.021829,0,0,8.081101009e-4,1.515746477e-4,-0.96614316,0.96614316,0.000000,10.89242766
325,192825.980324,0,0,8.061434130e-4,9.552491189e-5,-0.97847662,0.97847662,0.000000,10.89242766
326,193305.938819,0,0,8.283929520e-4,5.631398809e-5,-0.98759539,0.98759539,0.000000,10.89242766
327,193785.897314,0,0,6.384548408e-4,2.805892588e-5,-0.99196294,0.99196294,0.000000,10.89242766
