"Path","Algorithm","Hash"
"captures/phone-pc-01.wav","SHA256","548CEFB095EE56F51C23AB720CD69A49C6033DEB117CC4FFE862DAF8F145F5E9"
"captures/phone-pc-multi-02.wav","SHA256","B8C2F769DC41C9A8717A43393629F610B6DA2827765B147F2FC61E596E4D7596"
"captures/phone-pc-legacy-01.wav","SHA256","CD843693D3F223B919B905DD2AB3BB4FEF811F93CC3C483D5BC80CDD9D78C07B"
"target/physical/tx-hello.wav","SHA256","B9C9EAD78BF8B4F32EF2A3A8F9AFF1673A931EC04FA507F36B85124593CD6ACD"
"target/physical/phy-reference.wav","SHA256","B12D8E6CF0B6E3DB822BE9E1906E35BB673A6E0E77732FCDE64045BCCF348E48"
"test-vectors/physical-hello-v0.txt","SHA256","2BCB0E3E0B524A5F1E09BB8EF22E96CAD3EE50073D7664C555368FCC95DCA332"
"target/physical/received-01.txt","SHA256","2BCB0E3E0B524A5F1E09BB8EF22E96CAD3EE50073D7664C555368FCC95DCA332"
"target/physical/multi-received-02.txt","SHA256","2BCB0E3E0B524A5F1E09BB8EF22E96CAD3EE50073D7664C555368FCC95DCA332"
"target/physical/legacy-received-01.txt","SHA256","2BCB0E3E0B524A5F1E09BB8EF22E96CAD3EE50073D7664C555368FCC95DCA332"
