bit,center_sample,reference,received,power_1200,power_2200,soft_value,confidence,timing_correction
0,62159.985237,1,1,3.303295211e-7,2.399131234e-3,0.99973846,0.99973846,0.000000
1,62639.955711,0,0,1.915878879e-3,8.781883016e-4,-0.34901525,0.34901525,0.000000
2,63119.926185,1,1,1.479626439e-5,1.850501995e-3,0.98492449,0.98492449,0.000000
3,63599.896659,0,0,2.003142634e-3,8.779770258e-4,-0.36852280,0.36852280,0.000000
4,64079.867133,1,1,3.356572714e-5,1.323196250e-3,0.95294271,0.95294271,0.000000
5,64559.837607,0,0,1.564130775e-3,5.065141171e-4,-0.49151296,0.49151296,0.000000
6,65039.808081,1,1,5.726130279e-5,1.243309334e-3,0.91617328,0.91617328,0.000000
7,65522.068048,0,0,1.256204512e-3,2.404886052e-4,-0.66452585,0.66452585,2.285683
8,66010.168562,1,1,6.045222408e-6,1.368251550e-3,0.99164160,0.99164160,8.108906
9,66492.854801,0,0,1.412101287e-3,2.692704190e-4,-0.66562462,0.66562462,2.676655
10,66982.602926,1,1,3.481258918e-5,1.083731611e-3,0.94078157,0.94078157,9.717884
11,67461.389187,0,0,1.945096480e-3,3.446946630e-4,-0.68553913,0.68553913,-1.258080
12,67947.978259,1,1,1.083810886e-5,1.422689180e-3,0.98563162,0.98563162,6.535935
13,68427.141284,0,0,1.646803684e-3,3.068119511e-4,-0.67204594,0.67204594,-0.899506
14,68915.157764,1,1,1.728489395e-5,1.418960677e-3,0.97712318,0.97712318,7.942211
15,69393.298923,0,0,1.932565725e-3,3.334287581e-4,-0.69256788,0.69256788,-1.943109
16,69880.963721,1,1,5.854024653e-6,1.444434678e-3,0.99233021,0.99233021,7.571150
17,70358.922294,0,0,1.681255396e-3,2.881136035e-4,-0.69432427,0.69432427,-2.144120
18,70845.613933,1,1,2.398059161e-5,1.228367438e-3,0.96358775,0.96358775,6.581551
19,71319.986134,0,0,2.041398486e-3,4.531011077e-4,-0.62117998,0.62117998,-5.739292
20,71805.230472,1,1,1.647539566e-5,1.465460300e-3,0.97886782,0.97886782,5.133855
21,72285.349512,0,0,1.863539829e-3,4.591098994e-4,-0.58810121,0.58810121,0.000000
22,72765.468552,1,1,1.605529247e-5,1.714979902e-3,0.98237172,0.98237172,0.000000
23,73242.249043,0,0,2.018358555e-3,3.431806591e-4,-0.69634940,0.69634940,-3.332993
24,73727.111438,1,1,1.145024450e-5,1.655451974e-3,0.98694581,0.98694581,4.746553
25,74205.221631,0,0,1.781764038e-3,3.277285888e-4,-0.67554492,0.67554492,-2.010207
26,74690.677062,1,1,6.245182408e-5,1.494255827e-3,0.92363261,0.92363261,5.329497
27,75166.843389,0,0,2.159986239e-3,4.182664675e-4,-0.66131989,0.66131989,-3.961885
28,75651.491126,1,1,1.771277011e-5,1.744022583e-3,0.98089001,0.98089001,4.518596
29,76126.844326,0,0,1.945125377e-3,3.959534369e-4,-0.64703362,0.64703362,-4.775513
30,76612.037029,1,1,2.198744265e-5,1.980385519e-3,0.97912798,0.97912798,5.063511
31,77089.093227,0,0,2.269056894e-3,3.605976499e-4,-0.71334660,0.71334660,-3.076306
32,77572.695897,1,1,5.912496352e-6,2.048116472e-3,0.99453081,0.99453081,3.469510
33,78048.398089,0,0,2.237749213e-3,3.067103523e-4,-0.74780100,0.74780100,-4.429368
34,78533.009641,1,1,3.343163193e-5,2.098328848e-3,0.97018352,0.97018352,4.479908
35,79009.001478,0,0,2.507776826e-3,3.828092634e-4,-0.72309152,0.72309152,-4.140373
36,79492.141037,1,1,2.459957141e-5,2.630737321e-3,0.98239219,0.98239219,3.009234
37,79971.217363,0,0,2.347897385e-3,2.906862654e-4,-0.76937817,0.76937817,-1.057252
38,80452.335504,1,1,3.230565768e-5,3.222654995e-3,0.98113553,0.98113553,0.984683
39,80930.707667,0,0,3.188305974e-3,3.004730343e-4,-0.81947931,0.81947931,-1.760002
40,81411.514997,1,1,3.324048000e-5,3.565294905e-3,0.98244349,0.98244349,0.676970
41,81890.502328,0,0,3.159055991e-3,2.149051940e-4,-0.86633619,0.86633619,-1.142254
42,82369.994930,1,1,4.375492812e-5,3.756812682e-3,0.97811609,0.97811609,-0.634022
43,82849.689448,0,0,3.079658824e-3,2.943755825e-4,-0.81713877,0.81713877,-0.430332
44,83329.604211,1,1,3.202624042e-5,3.941484246e-3,0.98468198,0.98468198,-0.209021
45,83809.286627,0,0,3.322379016e-3,3.061302036e-4,-0.82314677,0.82314677,-0.440286
46,84288.779504,1,1,5.743639092e-6,4.374918693e-3,0.99750901,0.99750901,-0.628045
47,84769.386497,0,0,2.858581763e-3,3.596538694e-4,-0.76607453,0.76607453,0.486308
48,85246.643926,1,1,7.284433329e-5,4.423549158e-3,0.96919793,0.96919793,-2.859302
49,85727.542464,0,0,3.280106443e-3,3.209974340e-4,-0.81319344,0.81319344,0.785264
50,86204.181238,1,1,2.966755744e-5,4.468062147e-3,0.98746490,0.98746490,-3.470025
51,86685.057432,0,0,3.330439356e-3,3.141427612e-4,-0.81933555,0.81933555,0.771891
52,87163.052024,1,1,5.579655724e-5,4.216635129e-3,0.97517368,0.97517368,-2.107484
53,87644.148804,0,0,3.122817745e-3,3.691770714e-4,-0.77863486,0.77863486,0.996555
54,88121.713221,1,1,1.154362018e-5,4.297610725e-3,0.99491016,0.99491016,-2.533246
55,88604.024564,0,0,3.009143575e-3,4.390849260e-4,-0.73367727,0.73367727,2.214211
56,89081.532392,1,1,2.876388353e-5,4.238626401e-3,0.98719064,0.98719064,-2.588680
57,89563.177869,0,0,2.993911448e-3,3.095332612e-4,-0.80368095,0.80368095,1.550700
58,90039.629662,1,1,1.099165174e-4,4.178701381e-3,0.95124720,0.95124720,-3.639504
59,90522.213194,0,0,2.854007668e-3,3.585635612e-4,-0.76637074,0.76637074,2.494145
60,90999.180049,1,1,7.123043581e-5,3.828256609e-3,0.96526626,0.96526626,-3.121487
61,91480.297944,0,0,2.870589623e-3,3.980342734e-4,-0.74523609,0.74523609,1.033034
62,91957.491096,1,1,2.735019002e-5,3.868684623e-3,0.98665907,0.98665907,-2.888617
63,92437.933362,0,0,2.688132571e-3,4.335354816e-4,-0.70971074,0.70971074,0.364704
64,92914.801024,1,1,7.933488735e-6,3.828013177e-3,0.99607055,0.99607055,-3.205167
65,93394.868510,1,1,7.615400487e-6,3.989786486e-3,0.99638047,0.99638047,0.000000
66,93880.548787,0,0,2.003681518e-3,2.521921508e-4,-0.76599426,0.76599426,5.603452
67,94353.546618,1,1,6.593864857e-5,4.448478997e-3,0.97223152,0.97223152,-7.076539
68,94833.609194,0,0,3.386617317e-3,8.200819117e-4,-0.59371102,0.59371102,0.000000
69,95313.671770,0,0,2.820175747e-3,1.224772250e-4,-0.91255645,0.91255645,0.000000
70,95794.244367,1,1,6.581041882e-5,1.899291854e-3,0.93627134,0.93627134,0.509173
71,96274.308641,1,1,7.344824006e-5,2.776450167e-3,0.95097596,0.95097596,0.000000
72,96754.372914,1,1,9.824191420e-5,3.801127827e-3,0.95207668,0.95207668,0.000000
73,97238.802707,0,0,2.168043251e-3,4.299649464e-4,-0.65455384,0.65455384,4.358257
74,97718.881508,0,0,2.578660641e-3,1.832039610e-4,-0.86081924,0.86081924,0.000000
75,98203.700329,1,1,1.870293484e-4,1.444219904e-3,0.78092730,0.78092730,4.732134
76,98683.794904,0,0,3.219620028e-3,8.754829234e-4,-0.55488224,0.55488224,0.000000
77,99163.889478,0,0,3.034915386e-3,3.375512144e-5,-0.97685263,0.97685263,0.000000
78,99643.984052,0,0,3.784319717e-3,5.053128841e-5,-0.97227482,0.97227482,0.000000
79,100129.833559,1,1,2.659687409e-4,1.811234303e-3,0.75518179,0.75518179,5.745356
80,100609.947284,0,0,2.293862271e-3,7.396863147e-4,-0.49311637,0.49311637,0.000000
81,101090.061010,0,0,2.498216952e-3,1.234705728e-5,-0.98964753,0.98964753,0.000000
82,101570.174735,0,0,2.944982195e-3,4.060544074e-5,-0.97138412,0.97138412,0.000000
83,102050.288461,0,0,3.352433760e-3,2.828616047e-6,-0.99822502,0.99822502,0.000000
84,102530.402186,0,0,2.850874928e-3,7.451996875e-6,-0.99451135,0.99451135,0.000000
85,103010.515912,0,0,2.929195020e-3,2.454743614e-5,-0.98250929,0.98250929,0.000000
86,103490.629637,0,0,3.118222603e-3,1.932369314e-6,-0.99869604,0.99869604,0.000000
87,103968.513651,1,1,1.900497616e-4,2.438593767e-3,0.86214959,0.86214959,-2.226001
88,104448.619957,0,0,2.551116267e-3,8.653530351e-4,-0.47372398,0.47372398,0.000000
89,104928.726262,0,0,2.155621581e-3,2.447186268e-5,-0.97637896,0.97637896,0.000000
90,105408.832568,0,0,2.930143952e-3,6.527291572e-6,-0.99532059,0.99532059,0.000000
91,105888.938873,0,0,3.174069234e-3,2.087663466e-5,-0.98624655,0.98624655,0.000000
92,106369.045179,0,0,2.914286130e-3,3.509795132e-6,-0.99746742,0.99746742,0.000000
93,106849.151484,0,0,3.198018374e-3,4.434491701e-6,-0.99708463,0.99708463,0.000000
94,107329.257790,0,0,3.251122508e-3,1.130174692e-6,-0.99926833,0.99926833,0.000000
95,107809.364095,0,0,2.911487565e-3,2.708130847e-7,-0.99980417,0.99980417,0.000000
96,108289.470401,0,0,2.950117556e-3,7.849453591e-8,-0.99994398,0.99994398,0.000000
97,108769.576707,0,0,3.022925456e-3,5.203745394e-6,-0.99638202,0.99638202,0.000000
98,109246.743333,1,1,1.688864865e-4,2.473572607e-3,0.87819199,0.87819199,-2.934787
99,109726.839856,0,0,2.721491930e-3,9.082002843e-4,-0.48002896,0.48002896,0.000000
100,110206.936379,1,1,2.009969872e-4,2.888044579e-3,0.87598327,0.87598327,0.000000
101,110687.032902,0,0,2.548405485e-3,8.820899609e-4,-0.46584549,0.46584549,0.000000
102,111167.129425,1,1,1.356141826e-4,2.212229768e-3,0.88994981,0.88994981,0.000000
103,111647.225948,1,1,3.252548862e-5,3.235904536e-3,0.98108541,0.98108541,0.000000
104,112127.322471,1,1,4.808739299e-5,3.196664590e-3,0.97182473,0.97182473,0.000000
105,112607.418994,1,1,1.583195775e-6,3.452755878e-3,0.99912929,0.99912929,0.000000
106,113089.836174,0,0,2.733921843e-3,5.408109974e-4,-0.65528081,0.65528081,2.316796
107,113569.940420,0,0,2.891548719e-3,1.110799708e-4,-0.92225876,0.92225876,0.000000
108,114057.297574,1,1,4.699911417e-5,9.265750967e-4,0.90806763,0.90806763,7.240840
109,114537.425955,0,0,3.857404283e-3,1.019074492e-3,-0.56478818,0.56478818,0.000000
110,115017.554337,1,1,2.843893681e-5,2.082898370e-3,0.97439383,0.97439383,0.000000
111,115497.682719,1,1,2.937606614e-5,3.281812899e-3,0.98313841,0.98313841,0.000000
112,115979.978574,0,0,2.375818773e-3,3.523779678e-4,-0.72988590,0.72988590,2.163867
113,116460.114169,0,0,2.292628313e-3,7.396815009e-5,-0.93429943,0.93429943,0.000000
114,116940.249763,0,0,3.355890245e-3,2.746960063e-4,-0.84132470,0.84132470,0.000000
115,117420.385358,0,0,3.774486451e-3,6.179965617e-5,-0.96611009,0.96611009,0.000000
116,117900.823309,1,1,3.744634562e-5,1.999195956e-3,0.96503844,0.96503844,0.301854
117,118380.959910,1,1,1.116967454e-4,3.616460180e-3,0.94299740,0.94299740,0.000000
118,118861.096511,1,1,1.582550504e-4,3.867642460e-3,0.92517494,0.92517494,0.000000
119,119341.233112,0,0,2.249912708e-3,5.984017459e-4,-0.56249724,0.56249724,0.000000
120,119821.369712,0,0,2.438031489e-3,1.710073440e-4,-0.86246951,0.86246951,0.000000
121,120301.506313,0,0,3.121588014e-3,1.345830658e-4,-0.91316370,0.91316370,0.000000
122,120786.509401,1,1,6.119501250e-5,1.633783785e-3,0.93128776,0.93128776,4.858390
123,121266.662196,1,1,6.562175674e-5,3.624218332e-3,0.96618392,0.96618392,0.000000
124,121746.814992,1,1,3.729458288e-5,3.835029283e-3,0.98169459,0.98169459,0.000000
125,122226.967787,1,1,1.118485875e-4,3.556039709e-3,0.94198044,0.94198044,0.000000
126,122707.120582,1,1,1.556679341e-4,2.642033719e-3,0.89399987,0.89399987,0.000000
127,123190.468499,0,0,2.661685290e-3,4.539191257e-4,-0.69557926,0.69557926,3.189805
128,123670.631927,0,0,3.336424889e-3,2.578338518e-4,-0.84952859,0.84952859,0.000000
129,124150.795356,0,0,4.487995594e-3,2.022713491e-4,-0.90940298,0.90940298,0.000000
130,124630.958784,0,0,3.901382648e-3,1.254246436e-4,-0.93452536,0.93452536,0.000000
131,125111.122212,0,0,3.721278356e-3,4.101715985e-5,-0.97705821,0.97705821,0.000000
132,125591.285640,0,0,3.337011130e-3,5.956232593e-5,-0.96311131,0.96311131,0.000000
133,126071.449068,0,0,2.774285214e-3,5.370611464e-6,-0.99593226,0.99593226,0.000000
134,126551.612496,0,0,2.587525489e-3,5.194956907e-6,-0.99578163,0.99578163,0.000000
135,127031.775924,0,0,2.642245076e-3,1.611115950e-6,-0.99871696,0.99871696,0.000000
136,127511.939352,0,0,3.022901071e-3,1.298601478e-6,-0.99909589,0.99909589,0.000000
137,127992.102780,0,0,3.355671671e-3,6.425175905e-7,-0.99959693,0.99959693,0.000000
138,128472.266208,0,0,2.615072041e-3,1.453864736e-7,-0.99988295,0.99988295,0.000000
139,128952.429636,0,0,2.830148717e-3,4.728955517e-7,-0.99964824,0.99964824,0.000000
140,129432.593064,0,0,2.782635194e-3,9.297507629e-8,-0.99992965,0.99992965,0.000000
141,129912.756492,0,0,2.698626565e-3,1.848754923e-7,-0.99985577,0.99985577,0.000000
142,130392.919920,0,0,2.824144462e-3,1.593631879e-7,-0.99988119,0.99988119,0.000000
143,130873.083349,0,0,2.946872147e-3,5.162399340e-8,-0.99996312,0.99996312,0.000000
144,131353.246777,0,0,3.110805228e-3,4.137045117e-8,-0.99997200,0.99997200,0.000000
145,131833.410205,0,0,2.851471698e-3,3.152340667e-7,-0.99976726,0.99976726,0.000000
146,132313.573633,0,0,2.537142772e-3,1.012164092e-8,-0.99999160,0.99999160,0.000000
147,132793.737061,0,0,3.020271121e-3,1.048036045e-7,-0.99992694,0.99992694,0.000000
148,133273.900489,0,0,2.932355518e-3,1.085642423e-8,-0.99999220,0.99999220,0.000000
149,133754.063917,0,0,2.814384615e-3,1.208071606e-7,-0.99990962,0.99990962,0.000000
150,134234.227345,0,0,2.792755602e-3,5.582194942e-8,-0.99995792,0.99995792,0.000000
151,134714.390773,0,0,2.850674931e-3,9.177938063e-9,-0.99999322,0.99999322,0.000000
152,135194.554201,0,0,2.996836043e-3,1.893823854e-7,-0.99986695,0.99986695,0.000000
153,135674.717629,0,0,3.174610804e-3,1.657169236e-7,-0.99989010,0.99989010,0.000000
154,136154.881057,0,0,2.562469716e-3,2.860991204e-7,-0.99976494,0.99976494,0.000000
155,136629.551410,1,1,8.223339225e-5,2.584337186e-3,0.94132371,0.94132371,-5.483935
156,137109.696559,0,0,2.565257108e-3,8.168978262e-4,-0.49784476,0.49784476,0.000000
157,137589.841707,0,0,2.338042004e-3,4.042182528e-5,-0.96424849,0.96424849,0.000000
158,138069.986855,0,0,3.029676547e-3,3.337514977e-5,-0.97707108,0.97707108,0.000000
159,138551.218961,1,1,1.397181566e-4,2.171489670e-3,0.88480662,0.88480662,1.085149
160,139031.367727,0,0,2.947123736e-3,7.564867222e-4,-0.57451512,0.57451512,0.000000
161,139511.516492,1,1,2.681201551e-5,2.469488593e-3,0.97958440,0.97958440,0.000000
162,139991.665257,0,0,2.802708771e-3,7.009140396e-4,-0.58317780,0.58317780,0.000000
163,140471.814023,0,0,2.507742495e-3,4.379691353e-5,-0.96389126,0.96389126,0.000000
164,140947.171876,1,1,4.025035839e-5,1.764697887e-3,0.95758823,0.95758823,-4.782941
165,141427.304698,0,0,2.934031038e-3,8.116147213e-4,-0.54892403,0.54892403,0.000000
166,141907.437521,0,0,2.989491310e-3,2.364257899e-5,-0.98348567,0.98348567,0.000000
167,142387.570343,0,0,3.517864740e-3,7.668027398e-5,-0.95513420,0.95513420,0.000000
168,142867.703165,0,0,3.242746322e-3,2.599278637e-5,-0.98326388,0.98326388,0.000000
169,143346.099120,1,1,9.671217612e-5,2.039902740e-3,0.91381394,0.91381394,-1.733977
170,143826.226163,1,1,1.618965780e-5,3.399233833e-3,0.99099276,0.99099276,0.000000
171,144313.119723,0,0,2.501936249e-3,4.768493610e-4,-0.66576428,0.66576428,6.755259
172,144793.269283,0,0,2.580328467e-3,2.879114628e-5,-0.97677924,0.97677924,0.000000
173,145274.501591,1,1,4.059130232e-5,1.321885416e-3,0.94331755,0.94331755,1.080946
174,145754.654754,0,0,2.707549265e-3,7.283630551e-4,-0.55859347,0.55859347,0.000000
175,146234.807917,1,1,1.349478490e-5,1.965102939e-3,0.98703858,0.98703858,0.000000
176,146714.961080,0,0,3.337551899e-3,8.119010041e-4,-0.59223004,0.59223004,0.000000
177,147195.114243,1,1,1.084989446e-4,2.142821765e-3,0.90822292,0.90822292,0.000000
178,147675.267406,1,1,3.705781540e-5,2.315170326e-3,0.97004708,0.97004708,0.000000
179,148155.420569,0,0,2.325952948e-3,6.148284215e-4,-0.56459822,0.56459822,0.000000
180,148635.573732,1,1,6.189089856e-6,1.552550212e-3,0.99245541,0.99245541,0.000000
181,149115.726895,1,1,3.525366720e-5,1.928729748e-3,0.96586868,0.96586868,0.000000
182,149592.370503,0,0,2.353687940e-3,4.208393774e-4,-0.68316783,0.68316783,-3.503716
183,150072.511987,0,0,2.658512972e-3,8.581942094e-5,-0.93426493,0.93426493,0.000000
184,150552.653471,0,0,3.325191792e-3,1.043359695e-4,-0.93604605,0.93604605,0.000000
185,151038.867369,1,1,8.830168908e-5,1.090616179e-3,0.85717155,0.85717155,6.062310
186,151519.029061,1,1,1.755355272e-6,2.143932112e-3,0.99844578,0.99844578,0.000000
187,152001.799385,0,0,2.370660931e-3,4.709762004e-4,-0.65405054,0.65405054,2.604292
188,152476.183526,1,1,6.192764811e-5,1.463750910e-3,0.92273164,0.92273164,-5.776603
189,152956.334644,1,1,1.658964046e-5,1.649128662e-3,0.98107012,0.98107012,0.000000
190,153437.393965,0,0,1.855845831e-3,3.621997757e-4,-0.65910898,0.65910898,0.906692
191,153917.548104,0,0,2.725272648e-3,3.341580415e-5,-0.97451198,0.97451198,0.000000
192,154397.702244,0,0,3.633944721e-3,7.904592932e-5,-0.95522533,0.95522533,0.000000
193,154883.551746,1,1,8.000597434e-5,1.153804584e-3,0.87640994,0.87640994,5.685886
194,155363.724839,1,1,1.284927387e-5,1.759816478e-3,0.98622457,0.98622457,0.000000
195,155843.897931,0,0,2.248167143e-3,5.715572417e-4,-0.57772390,0.57772390,0.000000
196,156324.071024,1,1,3.863603715e-5,1.028508615e-3,0.93109451,0.93109451,0.000000
197,156804.244117,1,1,1.683877101e-5,1.751841919e-3,0.98190478,0.98190478,0.000000
198,157284.417209,1,1,6.227963405e-5,1.409533808e-3,0.91944155,0.91944155,0.000000
199,157764.590302,1,1,2.681096373e-6,1.781849394e-3,0.99714559,0.99714559,0.000000
200,158244.763395,0,0,2.656958737e-3,8.512168039e-4,-0.49557384,0.49557384,0.000000
201,158724.936487,0,0,2.130594101e-3,8.014420192e-5,-0.92381507,0.92381507,0.000000
202,159213.316506,1,1,2.584318411e-5,3.209635361e-4,0.85790480,0.85790480,8.193271
203,159693.516910,0,0,2.471057422e-3,6.966082653e-4,-0.54227717,0.54227717,0.000000
204,160173.717313,0,0,2.367683517e-3,1.558117576e-5,-0.98623924,0.98623924,0.000000
205,160653.917717,0,0,2.816205635e-3,8.913194562e-5,-0.93550908,0.93550908,0.000000
206,161134.118120,0,0,2.448991063e-3,5.032997545e-5,-0.95764470,0.95764470,0.000000
207,161614.318524,0,0,2.479887162e-3,2.088905637e-5,-0.98242008,0.98242008,0.000000
208,162094.518928,0,0,2.359133840e-3,2.285514740e-5,-0.97980756,0.97980756,0.000000
209,162578.931579,1,1,4.211418875e-5,9.291312362e-4,0.91744563,0.91744563,4.205239
210,163059.146000,0,0,1.870664345e-3,9.268220884e-4,-0.31440871,0.31440871,0.000000
211,163539.360421,1,1,2.539178055e-5,8.979207129e-4,0.94768344,0.94768344,0.000000
212,164019.574842,0,0,1.785580866e-3,1.314359051e-3,-0.12679777,0.12679777,0.000000
213,164499.789263,0,0,1.771527208e-3,1.061153900e-6,-0.99873956,0.99873956,0.000000
214,164978.849422,1,1,2.382165966e-5,5.893289679e-4,0.92604848,0.92604848,-1.152341
215,165459.060002,1,1,4.985653837e-5,1.987763439e-3,0.95345987,0.95345987,0.000000
216,165939.270582,0,0,1.977311646e-3,5.310353248e-4,-0.55916606,0.55916606,0.000000
217,166419.481161,1,1,2.484056292e-6,6.935556430e-4,0.99321889,0.99321889,0.000000
218,166899.691741,1,1,5.642764050e-5,1.770566583e-3,0.94123439,0.94123439,0.000000
219,167379.902321,0,0,1.599624075e-3,5.575545751e-4,-0.46311409,0.46311409,0.000000
220,167860.112901,1,1,6.191656514e-6,5.472563469e-4,0.97873481,0.97873481,0.000000
221,168340.323481,1,1,6.011710133e-5,1.907843551e-3,0.94187770,0.94187770,0.000000
222,168820.534061,1,1,9.596631279e-6,1.916958119e-3,0.99053454,0.99053454,0.000000
223,169300.744640,1,1,1.850536988e-6,1.610235967e-3,0.99781913,0.99781913,0.000000
224,169780.955220,0,0,1.976554327e-3,8.702311513e-4,-0.36657650,0.36657650,0.000000
225,170261.165800,1,1,4.886546993e-5,5.827669394e-4,0.85245626,0.85245626,0.000000
226,170741.376380,1,1,9.389848512e-6,1.400035317e-3,0.98733931,0.98733931,0.000000
227,171221.586960,0,0,1.994856427e-3,5.717501451e-4,-0.53640831,0.53640831,0.000000
228,171701.797540,1,1,4.982235567e-6,8.271669694e-4,0.98862244,0.98862244,0.000000
229,172182.008120,1,1,3.500628771e-5,2.084260138e-3,0.96859376,0.96859376,0.000000
230,172662.218699,1,1,1.434672828e-5,1.550326879e-3,0.98257293,0.98257293,0.000000
231,173142.429279,0,0,2.088289036e-3,8.053162823e-4,-0.42249005,0.42249005,0.000000
232,173622.639859,0,0,2.239969707e-3,1.386519436e-4,-0.87764237,0.87764237,0.000000
233,174110.593844,1,1,2.876102330e-5,5.503008108e-4,0.90540729,0.90540729,7.730521
234,174590.830192,1,1,1.539008839e-6,1.707051557e-3,0.99828873,0.99828873,0.000000
235,175071.066540,0,0,2.111687085e-3,5.328496487e-4,-0.58021596,0.58021596,0.000000
236,175551.302888,1,1,2.407332461e-5,9.388413626e-4,0.95244584,0.95244584,0.000000
237,176031.539237,0,0,2.210177931e-3,1.157048174e-3,-0.28937782,0.28937782,0.000000
238,176511.775585,0,0,1.534524061e-3,1.142875638e-4,-0.85458588,0.85458588,0.000000
239,176994.479289,1,1,4.168452961e-5,5.598785065e-4,0.86790069,0.86790069,2.463251
240,177474.723848,0,0,2.792988826e-3,8.507310386e-4,-0.51438361,0.51438361,0.000000
241,177954.968407,1,1,2.583071154e-6,1.331117785e-3,0.99632027,0.99632027,0.000000
242,178435.212966,1,1,1.188205732e-6,1.793714882e-3,0.99874235,0.99874235,0.000000
243,178915.457525,0,0,1.660337704e-3,5.744781557e-4,-0.46599625,0.46599625,0.000000
244,179395.702085,0,0,1.984066041e-3,2.091615298e-5,-0.97804686,0.97804686,0.000000
245,179875.946644,0,0,2.490379121e-3,1.182694273e-4,-0.90476788,0.90476788,0.000000
246,180359.372333,1,1,3.054556608e-5,8.085286050e-4,0.93071540,0.93071540,3.175837
247,180839.627478,1,1,4.401051742e-5,2.127761729e-3,0.96146288,0.96146288,0.000000
248,181319.882623,0,0,2.109835294e-3,6.630301208e-4,-0.50280935,0.50280935,0.000000
249,181800.137769,1,1,2.009396920e-5,7.685727857e-4,0.95153560,0.95153560,0.000000
250,182280.392914,0,0,2.158154604e-3,7.606182230e-4,-0.45874864,0.45874864,0.000000
251,182760.648059,0,0,1.502293907e-3,1.132922919e-4,-0.85289400,0.85289400,0.000000
252,183242.561246,1,1,3.231050193e-5,7.482036498e-4,0.92119375,0.92119375,1.655283
253,183722.821909,1,1,1.099296304e-4,2.057170477e-3,0.90338665,0.90338665,0.000000
254,184203.082572,0,0,1.798289863e-3,4.761006049e-4,-0.56405993,0.56405993,0.000000
255,184683.343235,0,0,2.001655505e-3,7.953319337e-5,-0.91969800,0.91969800,0.000000
256,185163.603898,0,0,2.047310154e-3,9.937617637e-5,-0.90276595,0.90276595,0.000000
257,185642.419265,1,1,3.909418238e-5,1.014247741e-3,0.92936058,0.92936058,-1.442890
258,186122.675119,1,1,4.623350825e-5,1.617844773e-3,0.94714525,0.94714525,0.000000
259,186602.930972,0,0,1.886986539e-3,5.829844389e-4,-0.50914477,0.50914477,0.000000
260,187083.186825,1,1,1.502571287e-5,1.207306149e-3,0.97663266,0.97663266,0.000000
261,187563.442678,0,0,1.940494823e-3,8.663548913e-4,-0.36052434,0.36052434,0.000000
262,188043.698531,0,0,1.709288026e-3,1.103180162e-4,-0.87275341,0.87275341,0.000000
263,188523.190302,1,1,3.190397747e-5,6.624379298e-4,0.91250796,0.91250796,-0.762811
264,189003.443613,0,0,3.111937902e-3,6.889107023e-4,-0.62198206,0.62198206,0.000000
265,189477.476054,1,1,8.361902461e-6,1.230781844e-3,0.98717593,0.98717593,-6.210518
266,189957.708663,1,1,3.148568821e-6,1.555249568e-3,0.99616139,0.99616139,0.000000
267,190437.941272,0,0,1.669841784e-3,5.521806967e-4,-0.48353751,0.48353751,0.000000
268,190918.173880,1,1,2.369144316e-5,9.963437030e-4,0.95582486,0.95582486,0.000000
269,191398.406489,1,1,1.472829726e-5,1.428100894e-3,0.98059760,0.98059760,0.000000
270,191878.639098,1,1,1.469619105e-5,1.473091031e-3,0.98122523,0.98122523,0.000000
271,192364.461689,0,0,2.308423743e-3,5.346414595e-4,-0.60794090,0.60794090,5.580681
272,192844.712900,0,0,2.435358640e-3,1.590793845e-4,-0.87131381,0.87131381,0.000000
273,193328.197290,1,1,2.665203522e-5,6.741533647e-4,0.92761355,0.92761355,3.227800
274,193808.459261,1,1,8.916641149e-6,1.269547306e-3,0.98674559,0.98674559,0.000000
275,194286.094562,0,0,2.019966702e-3,4.384008371e-4,-0.62801884,0.62801884,-2.622298
276,194760.882824,1,1,8.100503992e-6,1.012923491e-3,0.98492197,0.98492197,-5.455875
277,195241.117867,0,0,2.377240965e-3,7.953732975e-4,-0.47903317,0.47903317,0.000000
278,195721.352910,1,1,5.025887125e-5,8.509183291e-4,0.89375366,0.89375366,0.000000
279,196201.587954,1,1,1.468119491e-5,1.485365343e-3,0.98139775,0.98139775,0.000000
280,196681.822997,0,0,2.245269584e-3,5.382469786e-4,-0.59696492,0.59696492,0.000000
281,197162.058040,0,0,2.603180224e-3,1.747558564e-5,-0.98596432,0.98596432,0.000000
282,197642.293083,0,0,2.635660257e-3,1.475338867e-4,-0.88869890,0.88869890,0.000000
283,198122.528126,0,0,2.420631618e-3,6.156223440e-5,-0.94784752,0.94784752,0.000000
284,198601.670183,1,1,4.715271010e-5,1.068857678e-3,0.91956319,0.91956319,-1.091167
285,199081.901589,1,1,4.957407152e-5,1.892538641e-3,0.95144524,0.95144524,0.000000
286,199562.132995,0,0,1.432497188e-3,5.418235176e-4,-0.43041318,0.43041318,0.000000
287,200042.364401,1,1,9.555378567e-6,1.108344871e-3,0.98375474,0.98375474,0.000000
288,200522.595807,0,0,2.241012977e-3,7.943684066e-4,-0.45647914,0.45647914,0.000000
289,201002.827212,0,0,1.945655459e-3,5.325103799e-5,-0.94398687,0.94398687,0.000000
290,201483.058618,0,0,2.983187344e-3,4.977242719e-5,-0.96547684,0.96547684,0.000000
291,201963.290024,0,0,2.756965945e-3,1.463973670e-5,-0.98888153,0.98888153,0.000000
292,202441.630923,1,1,4.759461612e-5,1.269794528e-3,0.93124147,0.93124147,-1.887361
293,202921.856038,0,0,2.363577096e-3,7.238828318e-4,-0.51236958,0.51236958,0.000000
294,203402.081152,1,1,4.263395629e-5,1.081004472e-3,0.92778100,0.92778100,0.000000
295,203882.306267,0,0,2.358084477e-3,9.116302191e-4,-0.42146477,0.42146477,0.000000
296,204362.531382,1,1,3.040085314e-5,1.152240123e-3,0.95110230,0.95110230,0.000000
297,204842.756496,0,0,2.409733616e-3,6.845431045e-4,-0.53956841,0.53956841,0.000000
298,205322.981611,0,0,2.168665307e-3,2.039819055e-5,-0.98038970,0.98038970,0.000000
299,205800.506977,1,1,5.882055157e-5,9.106049608e-4,0.88437994,0.88437994,-2.695256
300,206280.723108,0,0,2.263129450e-3,8.113948990e-4,-0.45196034,0.45196034,0.000000
301,206760.939238,1,1,2.045606047e-5,1.224416470e-3,0.96875715,0.96875715,0.000000
302,207241.155369,0,0,2.312112823e-3,8.781864062e-4,-0.42871046,0.42871046,0.000000
303,207721.371499,0,0,2.006705341e-3,3.203559397e-5,-0.96694211,0.96694211,0.000000
304,208201.587630,0,0,2.356024804e-3,5.516283813e-5,-0.95188772,0.95188772,0.000000
305,208684.030712,1,1,8.327033165e-5,9.803457026e-4,0.85068317,0.85068317,2.223247
306,209164.254254,0,0,2.064104783e-3,5.452722630e-4,-0.56481100,0.56481100,0.000000
307,209644.477795,1,1,1.367700640e-5,1.348186600e-3,0.98091150,0.98091150,0.000000
308,210124.701336,1,1,3.823727637e-5,1.870627440e-3,0.96190713,0.96190713,0.000000
309,210604.924878,1,1,8.820903424e-5,1.777374072e-3,0.90996225,0.90996225,0.000000
310,211085.148419,0,0,1.834944901e-3,5.019456023e-4,-0.55281462,0.55281462,0.000000
311,211565.371960,0,0,2.192406934e-3,1.580661652e-4,-0.85890570,0.85890570,0.000000
312,212045.595502,0,0,2.946109592e-3,1.428498492e-5,-0.98984257,0.98984257,0.000000
313,212525.819043,0,0,2.988237660e-3,6.257583158e-5,-0.95685947,0.95685947,0.000000
314,213006.951483,1,1,6.219637304e-5,1.015854404e-3,0.89007935,0.89007935,0.907386
315,213487.178049,0,0,2.422278017e-3,7.393799723e-4,-0.51360372,0.51360372,0.000000
316,213967.404615,0,0,2.012126489e-3,2.665147331e-5,-0.97249471,0.97249471,0.000000
317,214441.907556,1,1,1.798993607e-5,7.871618528e-4,0.95750536,0.95750536,-5.714101
318,214922.115075,0,0,2.126954543e-3,5.804530245e-4,-0.55363333,0.55363333,0.000000
319,215402.322594,0,0,1.956751049e-3,2.464303616e-5,-0.97383006,0.97383006,0.000000
320,215881.322138,1,1,5.703145585e-5,1.051496898e-3,0.90200933,0.90200933,-1.205964
321,216361.525637,1,1,5.977066858e-5,1.885920612e-3,0.94155073,0.94155073,0.000000
322,216841.969429,0,0,1.961454264e-3,3.147253304e-4,-0.71097721,0.71097721,0.239893
323,217322.173727,0,0,2.091478647e-3,5.684261090e-5,-0.94436691,0.94436691,0.000000
324,217802.378026,0,0,2.528709555e-3,7.602416753e-5,-0.93864015,0.93864015,0.000000
325,218282.582325,0,0,2.404100115e-3,4.880139682e-6,-0.99573502,0.99573502,0.000000
326,218762.786623,0,0,2.630888119e-3,3.688916423e-5,-0.97090644,0.97090644,0.000000
327,219242.990922,0,0,2.874394261e-3,5.357940377e-6,-0.99608290,0.99608290,0.000000
