candidate,reference_frame,bit,center_sample,reference,received,power_1200,power_2200,soft_value,confidence,timing_correction,decision_ratio
0,0,0,79919.994067,1,1,4.331290121e-6,5.198448091e-3,0.96727795,0.96727795,0.000000,3.14400059
0,0,1,80399.982202,0,0,1.250824183e-3,1.039172584e-3,-0.97657763,0.97657763,0.000000,3.14400059
0,0,2,80879.970336,1,1,6.014288972e-4,5.209894515e-3,0.98261465,0.98261465,0.000000,3.14400059
0,0,3,81359.958471,0,0,1.823833726e-3,1.534660179e-3,-0.98015212,0.98015212,0.000000,3.14400059
0,0,4,81839.946605,1,1,6.453756973e-4,5.341205425e-3,0.98260742,0.98260742,0.000000,3.14400059
0,0,5,82319.934740,0,0,3.262992120e-3,1.119125503e-3,-0.94315770,0.94315770,0.000000,3.14400059
0,0,6,82799.922874,1,1,2.672201255e-4,6.730487971e-3,0.96791000,0.96791000,0.000000,3.14400059
0,0,7,83279.911009,0,0,3.081846330e-3,1.935315398e-3,-0.89823277,0.89823277,0.000000,3.14400059
0,0,8,83759.899143,1,1,1.900315127e-4,6.717754817e-3,0.96015872,0.96015872,0.000000,3.14400059
0,0,9,84239.887278,0,0,3.666349956e-3,2.427524579e-3,-0.81122647,0.81122647,0.000000,3.14400059
0,0,10,84719.875412,1,1,9.575316622e-5,5.964624960e-3,0.96886835,0.96886835,0.000000,3.14400059
0,0,11,85199.863547,0,0,3.208289713e-3,2.332492004e-3,-0.91825704,0.91825704,0.000000,3.14400059
0,0,12,85679.851681,1,1,2.125221144e-4,6.208265634e-3,0.98487721,0.98487721,0.000000,3.14400059
0,0,13,86159.839816,0,0,3.492595202e-3,2.509846121e-3,-0.90606717,0.90606717,0.000000,3.14400059
0,0,14,86639.827950,1,1,1.163202887e-4,5.938764339e-3,0.98584508,0.98584508,0.000000,3.14400059
0,0,15,87119.816085,0,0,2.877768983e-3,2.419733083e-3,-0.96445579,0.96445579,0.000000,3.14400059
0,0,16,87599.804219,1,1,1.390172089e-4,5.963732274e-3,0.98894973,0.98894973,0.000000,3.14400059
0,0,17,88079.792354,0,0,2.056183996e-3,2.069949301e-3,-0.98135140,0.98135140,0.000000,3.14400059
0,0,18,88559.780488,1,1,9.305673198e-5,5.618388339e-3,0.98324079,0.98324079,0.000000,3.14400059
0,0,19,89039.768623,0,0,2.244431744e-3,2.177685434e-3,-0.99612850,0.99612850,0.000000,3.14400059
0,0,20,89519.756757,1,1,1.282056018e-4,6.589751773e-3,0.99182658,0.99182658,0.000000,3.14400059
0,0,21,89999.744892,0,0,2.559526642e-3,2.888011962e-3,-0.96560230,0.96560230,0.000000,3.14400059
0,0,22,90479.733026,1,1,1.243960490e-4,5.729917688e-3,0.96995620,0.96995620,0.000000,3.14400059
0,0,23,90959.721161,0,0,2.782059395e-3,1.688966215e-3,-0.97239504,0.97239504,0.000000,3.14400059
0,0,24,91439.709295,1,1,9.132265103e-5,6.988028844e-3,0.98401832,0.98401832,0.000000,3.14400059
0,0,25,91919.697430,0,0,2.350497882e-3,2.200387526e-3,-0.99463959,0.99463959,0.000000,3.14400059
0,0,26,92399.685564,1,1,1.663184811e-5,6.376688051e-3,0.98017671,0.98017671,0.000000,3.14400059
0,0,27,92879.673699,0,0,2.707397726e-3,2.369839956e-3,-0.97514785,0.97514785,0.000000,3.14400059
0,0,28,93359.661833,1,1,2.054914880e-5,6.756113673e-3,0.97318443,0.97318443,0.000000,3.14400059
0,0,29,93839.649968,0,0,1.947760647e-3,2.440002593e-3,-0.99093557,0.99093557,0.000000,3.14400059
0,0,30,94319.638102,1,1,9.535540601e-5,6.602057772e-3,0.99611634,0.99611634,0.000000,3.14400059
0,0,31,94799.626237,0,0,2.132575621e-3,2.005458984e-3,-0.99395064,0.99395064,0.000000,3.14400059
0,0,32,95279.614371,1,1,7.303040689e-5,6.676058789e-3,0.99909880,0.99909880,0.000000,3.14400059
0,0,33,95759.602506,0,0,2.602799167e-3,2.145744346e-3,-0.97524797,0.97524797,0.000000,3.14400059
0,0,34,96239.590640,1,1,1.312249059e-4,7.043498927e-3,0.99323927,0.99323927,0.000000,3.14400059
0,0,35,96719.578775,0,0,1.961545004e-3,2.038928647e-3,-0.99360477,0.99360477,0.000000,3.14400059
0,0,36,97199.566909,1,1,9.856010099e-5,6.466332131e-3,0.98676292,0.98676292,0.000000,3.14400059
0,0,37,97679.555044,0,0,2.123427973e-3,1.768265907e-3,-0.99557338,0.99557338,0.000000,3.14400059
0,0,38,98159.543178,1,1,1.318175460e-4,7.128106476e-3,0.98749750,0.98749750,0.000000,3.14400059
0,0,39,98639.531313,0,0,1.661199640e-3,2.271271882e-3,-0.98419313,0.98419313,0.000000,3.14400059
0,0,40,99119.519447,1,1,1.594483615e-4,7.148467833e-3,0.98497116,0.98497116,0.000000,3.14400059
0,0,41,99599.507582,0,0,2.437730153e-3,1.804330078e-3,-0.99033663,0.99033663,0.000000,3.14400059
0,0,42,100079.495716,1,1,1.075657792e-4,7.465318240e-3,0.96782391,0.96782391,0.000000,3.14400059
0,0,43,100559.483851,0,0,2.217416668e-3,1.603175389e-3,-0.98367361,0.98367361,0.000000,3.14400059
0,0,44,101039.471985,1,1,5.689396494e-5,7.407525472e-3,0.97632490,0.97632490,0.000000,3.14400059
0,0,45,101519.460120,0,0,1.631298575e-3,1.936794721e-3,-0.97593650,0.97593650,0.000000,3.14400059
0,0,46,101999.448254,1,1,8.206529589e-5,7.112404648e-3,0.99488936,0.99488936,0.000000,3.14400059
0,0,47,102479.436389,0,0,1.638780649e-3,2.080506686e-3,-0.98455913,0.98455913,0.000000,3.14400059
0,0,48,102959.424523,1,1,1.970088497e-4,6.816751598e-3,0.98644585,0.98644585,0.000000,3.14400059
0,0,49,103439.412658,0,0,1.631619612e-3,1.871367699e-3,-0.97361444,0.97361444,0.000000,3.14400059
0,0,50,103919.400792,1,1,1.156127854e-4,6.707657669e-3,0.99650674,0.99650674,0.000000,3.14400059
0,0,51,104399.388927,0,0,1.836320524e-3,1.678166133e-3,-0.97023036,0.97023036,0.000000,3.14400059
0,0,52,104879.377061,1,1,8.224074238e-5,8.133154690e-3,0.96799393,0.96799393,0.000000,3.14400059
0,0,53,105359.365196,0,0,1.836795037e-3,2.273070084e-3,-0.98043162,0.98043162,0.000000,3.14400059
0,0,54,105839.353330,1,1,6.382038250e-5,6.312240474e-3,0.99390963,0.99390963,0.000000,3.14400059
0,0,55,106319.341465,0,0,1.512821145e-3,1.740274761e-3,-0.96717782,0.96717782,0.000000,3.14400059
0,0,56,106799.329599,1,1,9.097522061e-5,6.987924321e-3,0.98184257,0.98184257,0.000000,3.14400059
0,0,57,107279.317734,0,0,1.470332189e-3,2.193628357e-3,-0.96124981,0.96124981,0.000000,3.14400059
0,0,58,107759.305868,1,1,1.591879762e-4,7.287218753e-3,0.98657583,0.98657583,0.000000,3.14400059
0,0,59,108239.294003,0,0,1.799576172e-3,1.902710744e-3,-0.98952573,0.98952573,0.000000,3.14400059
0,0,60,108719.282137,1,1,1.864124358e-4,5.878255115e-3,0.98390752,0.98390752,0.000000,3.14400059
0,0,61,109199.270272,0,0,2.081907288e-3,1.332170983e-3,-0.97540773,0.97540773,0.000000,3.14400059
0,0,62,109679.258406,1,1,1.170152564e-4,6.474433414e-3,0.97810921,0.97810921,0.000000,3.14400059
0,0,63,110159.246541,0,0,1.511167587e-3,1.697558259e-3,-0.96337914,0.96337914,0.000000,3.14400059
0,0,64,110639.234675,1,1,1.305238305e-4,7.115347511e-3,0.99166239,0.99166239,0.000000,3.14400059
0,0,65,111119.222810,1,1,3.682524723e-4,5.006235997e-3,0.99782611,0.99782611,0.000000,3.14400059
0,0,66,111599.210944,0,0,1.191517769e-3,1.018047495e-4,-0.99077089,0.99077089,0.000000,3.14400059
0,0,67,112079.199079,1,1,7.600374525e-4,5.312973110e-3,0.99963281,0.99963281,0.000000,3.14400059
0,0,68,112559.187213,0,0,1.087391375e-3,1.477765213e-3,-0.98843367,0.98843367,0.000000,3.14400059
0,0,69,113039.175348,0,0,3.287862705e-3,5.677389449e-4,-0.99019761,0.99019761,0.000000,3.14400059
0,0,70,113519.163482,1,1,1.309456245e-3,4.843952161e-3,0.98897710,0.98897710,0.000000,3.14400059
0,0,71,113999.151617,1,1,1.298461864e-5,4.316121299e-3,0.99823882,0.99823882,0.000000,3.14400059
0,0,72,114479.139751,1,1,5.001171210e-5,4.219288113e-3,0.99274077,0.99274077,0.000000,3.14400059
0,0,73,114959.127886,0,0,3.730151885e-4,4.159795147e-4,-0.92713108,0.92713108,0.000000,3.14400059
0,0,74,115439.116020,0,0,1.786158550e-3,2.381970822e-4,-0.98425446,0.98425446,0.000000,3.14400059
0,0,75,115919.104155,1,1,5.300835220e-4,2.804013531e-3,0.90877373,0.90877373,0.000000,3.14400059
0,0,76,116399.092289,0,0,1.272073389e-3,1.062837021e-3,-0.97221503,0.97221503,0.000000,3.14400059
0,0,77,116879.080424,0,0,3.924998786e-3,3.502044221e-4,-0.98360513,0.98360513,0.000000,3.14400059
0,0,78,117359.068558,0,0,3.416040611e-3,3.420606629e-5,-0.98739241,0.98739241,0.000000,3.14400059
0,0,79,117839.056693,1,1,4.932081132e-4,4.102516982e-3,0.99572831,0.99572831,0.000000,3.14400059
0,0,80,118319.044827,0,0,1.055304723e-3,9.936537288e-4,-0.92739210,0.92739210,0.000000,3.14400059
0,0,81,118799.032962,0,0,1.938579638e-3,2.869599336e-4,-0.95518246,0.95518246,0.000000,3.14400059
0,0,82,119279.021096,0,0,2.728168019e-3,1.698464274e-4,-0.95645318,0.95645318,0.000000,3.14400059
0,0,83,119759.009231,0,0,1.906304291e-3,3.259765775e-5,-0.96284900,0.96284900,0.000000,3.14400059
0,0,84,120238.997365,0,0,3.546658332e-3,1.580626985e-5,-0.98216766,0.98216766,0.000000,3.14400059
0,0,85,120718.985500,0,0,3.337787662e-3,2.067465170e-5,-0.97360035,0.97360035,0.000000,3.14400059
0,0,86,121198.973634,0,0,2.426126554e-3,4.891576030e-5,-0.95405914,0.95405914,0.000000,3.14400059
0,0,87,121678.961769,1,1,6.278066481e-4,3.506579590e-3,0.98791025,0.98791025,0.000000,3.14400059
0,0,88,122158.949903,0,0,3.682686992e-4,9.430576234e-4,-0.89286540,0.89286540,0.000000,3.14400059
0,0,89,122638.938038,0,0,1.612674910e-3,2.481882450e-4,-0.98075109,0.98075109,0.000000,3.14400059
0,0,90,123118.926172,0,0,1.434177520e-3,5.084512362e-5,-0.93053900,0.93053900,0.000000,3.14400059
0,0,91,123598.914307,0,0,1.218505287e-3,1.362144816e-5,-0.93915738,0.93915738,0.000000,3.14400059
0,0,92,124078.902441,0,0,2.860289069e-3,1.758552018e-5,-0.98170660,0.98170660,0.000000,3.14400059
0,0,93,124558.890576,0,0,2.308647448e-3,2.691405444e-6,-0.95985187,0.95985187,0.000000,3.14400059
0,0,94,125038.878710,0,0,2.464070137e-3,3.830739142e-5,-0.97341891,0.97341891,0.000000,3.14400059
0,0,95,125518.866845,1,1,4.875742070e-4,3.085761233e-3,0.95372839,0.95372839,0.000000,3.14400059
0,0,96,125998.854979,0,0,6.692354470e-4,7.228982044e-4,-0.97328146,0.97328146,0.000000,3.14400059
0,0,97,126478.843114,0,0,1.480913357e-3,3.707837212e-4,-0.99528889,0.99528889,0.000000,3.14400059
0,0,98,126958.831248,1,1,4.062663765e-4,2.811638369e-3,0.91506625,0.91506625,0.000000,3.14400059
0,0,99,127438.819383,0,0,5.623501353e-4,8.232729064e-4,-0.99385256,0.99385256,0.000000,3.14400059
0,0,100,127918.807517,1,1,4.400223922e-4,4.938687749e-3,0.95600761,0.95600761,0.000000,3.14400059
0,0,101,128398.795652,0,0,1.125992005e-3,1.169160360e-3,-0.98295031,0.98295031,0.000000,3.14400059
0,0,102,128878.783786,1,1,1.575385793e-4,6.407860307e-3,0.94920656,0.94920656,0.000000,3.14400059
0,0,103,129358.771921,1,1,1.207616595e-4,5.561801020e-3,0.95467584,0.95467584,0.000000,3.14400059
0,0,104,129838.760055,1,1,5.026029038e-5,5.890420861e-3,0.91913534,0.91913534,0.000000,3.14400059
0,0,105,130318.748190,1,1,9.617866506e-5,6.136585943e-3,0.92685571,0.92685571,0.000000,3.14400059
0,0,106,130798.736324,0,0,1.191822683e-3,1.984082782e-4,-0.96251869,0.96251869,0.000000,3.14400059
0,0,107,131278.724459,0,0,3.183209914e-3,4.827858679e-4,-0.92572940,0.92572940,0.000000,3.14400059
0,0,108,131758.712593,1,1,1.074745589e-3,4.511464210e-3,0.94063566,0.94063566,0.000000,3.14400059
0,0,109,132238.700728,0,0,1.363597169e-3,9.039708400e-4,-0.96492683,0.96492683,0.000000,3.14400059
0,0,110,132718.688862,1,1,8.074065597e-4,5.478067725e-3,0.98294045,0.98294045,0.000000,3.14400059
0,0,111,133198.676997,1,1,2.460364707e-4,5.787469577e-3,0.96618831,0.96618831,0.000000,3.14400059
0,0,112,133678.665131,0,0,1.024534566e-3,2.870721693e-4,-0.99292332,0.99292332,0.000000,3.14400059
0,0,113,134158.653266,0,0,3.320818562e-3,2.296600134e-4,-0.97741367,0.97741367,0.000000,3.14400059
0,0,114,134638.641400,0,0,3.780399810e-3,1.377460972e-4,-0.88817105,0.88817105,0.000000,3.14400059
0,0,115,135118.629535,0,0,4.433460361e-3,1.728412970e-4,-0.93989102,0.93989102,0.000000,3.14400059
0,0,116,135598.617669,1,1,1.296592932e-3,3.260466216e-3,0.95235673,0.95235673,0.000000,3.14400059
0,0,117,136078.605804,1,1,1.689711616e-4,5.068916807e-3,0.96702669,0.96702669,0.000000,3.14400059
0,0,118,136558.593938,1,1,7.758657244e-5,4.853648613e-3,0.96086664,0.96086664,0.000000,3.14400059
0,0,119,137038.582073,0,0,2.903765034e-4,2.627774828e-4,-0.93212103,0.93212103,0.000000,3.14400059
0,0,120,137518.570207,0,0,1.745490205e-3,2.088818886e-4,-0.98785652,0.98785652,0.000000,3.14400059
0,0,121,137998.558342,0,0,2.274570694e-3,2.195303384e-4,-0.94850115,0.94850115,0.000000,3.14400059
0,0,122,138478.546476,1,1,7.021728277e-4,3.155796254e-3,0.95095678,0.95095678,0.000000,3.14400059
0,0,123,138958.534611,1,1,1.271107466e-4,4.585782009e-3,0.95344540,0.95344540,0.000000,3.14400059
0,0,124,139438.522745,1,1,1.062279187e-5,5.241435851e-3,0.97234133,0.97234133,0.000000,3.14400059
0,0,125,139918.510880,1,1,8.051873672e-5,5.792431112e-3,0.98496855,0.98496855,0.000000,3.14400059
0,0,126,140398.499014,1,1,8.158769042e-5,5.695730109e-3,0.94852864,0.94852864,0.000000,3.14400059
0,0,127,140878.487149,0,0,9.060344722e-4,4.312235256e-4,-0.99413899,0.99413899,0.000000,3.14400059
0,0,128,141358.475283,0,0,2.495787623e-3,1.951588622e-4,-0.96870961,0.96870961,0.000000,3.14400059
0,0,129,141838.463418,0,0,3.658529644e-3,7.653116459e-5,-0.98470676,0.98470676,0.000000,3.14400059
0,0,130,142318.451552,0,0,3.528537171e-3,4.121035473e-6,-0.96237107,0.96237107,0.000000,3.14400059
0,0,131,142798.439687,0,0,4.376500694e-3,6.356511715e-6,-0.97689099,0.97689099,0.000000,3.14400059
0,0,132,143278.427821,0,0,3.760212307e-3,1.391851946e-6,-0.94638263,0.94638263,0.000000,3.14400059
0,0,133,143758.415956,0,0,3.403808080e-3,1.559801466e-5,-0.98022210,0.98022210,0.000000,3.14400059
0,0,134,144238.404090,0,0,2.349832303e-3,4.921992168e-7,-0.98944926,0.98944926,0.000000,3.14400059
0,0,135,144718.392225,0,0,2.313281882e-3,6.085279292e-6,-0.99078054,0.99078054,0.000000,3.14400059
0,0,136,145198.380359,0,0,2.334504775e-3,1.123633447e-4,-0.96403616,0.96403616,0.000000,3.14400059
0,0,137,145678.368494,0,0,1.420106056e-3,3.376152688e-5,-0.90238771,0.90238771,0.000000,3.14400059
0,0,138,146158.356628,0,0,1.629150005e-3,6.348032436e-7,-0.95483092,0.95483092,0.000000,3.14400059
0,0,139,146638.344763,0,0,1.589692381e-3,7.731030003e-6,-0.94742027,0.94742027,0.000000,3.14400059
0,0,140,147118.332897,0,0,1.720650525e-3,3.011721411e-6,-0.97879539,0.97879539,0.000000,3.14400059
0,0,141,147598.321032,0,0,1.928438033e-3,1.210150256e-6,-0.98984944,0.98984944,0.000000,3.14400059
0,0,142,148078.309166,0,0,1.949953184e-3,6.426648633e-7,-0.99509514,0.99509514,0.000000,3.14400059
0,0,143,148558.297301,0,0,1.927310019e-3,8.838965039e-7,-0.99435024,0.99435024,0.000000,3.14400059
0,0,144,149038.285435,0,0,1.838326073e-3,1.078479772e-6,-0.98185103,0.98185103,0.000000,3.14400059
0,0,145,149518.273570,0,0,2.076238727e-3,7.391354656e-7,-0.99881277,0.99881277,0.000000,3.14400059
0,0,146,149998.261704,0,0,1.545246340e-3,1.979535245e-6,-0.96638432,0.96638432,0.000000,3.14400059
0,0,147,150478.249839,0,0,1.688560029e-3,5.989808061e-7,-0.98131923,0.98131923,0.000000,3.14400059
0,0,148,150958.237973,0,0,1.700504658e-3,3.181687440e-6,-0.98652374,0.98652374,0.000000,3.14400059
0,0,149,151438.226108,0,0,1.813273641e-3,8.090324561e-7,-0.99750586,0.99750586,0.000000,3.14400059
0,0,150,151918.214242,0,0,1.992716171e-3,6.264970600e-8,-0.99983278,0.99983278,0.000000,3.14400059
0,0,151,152398.202377,0,0,2.373919910e-3,6.753462356e-7,-0.98987119,0.98987119,0.000000,3.14400059
0,0,152,152878.190511,0,0,2.356132194e-3,1.271297923e-7,-0.99129205,0.99129205,0.000000,3.14400059
0,0,153,153358.178646,0,0,2.202150118e-3,3.103157413e-5,-0.98689138,0.98689138,0.000000,3.14400059
0,0,154,153838.166780,1,1,5.412903287e-4,2.710753451e-3,0.86213203,0.86213203,0.000000,3.14400059
0,0,155,154318.154915,1,1,8.963616157e-5,2.679278228e-3,0.86569327,0.86569327,0.000000,3.14400059
0,0,156,154798.143049,1,1,2.060614224e-5,3.757418077e-3,0.91916694,0.91916694,0.000000,3.14400059
0,0,157,155278.131184,0,0,7.188939341e-4,3.502549432e-4,-0.98535246,0.98535246,0.000000,3.14400059
0,0,158,155758.119318,1,1,1.264739116e-4,4.518765212e-3,0.90986687,0.90986687,0.000000,3.14400059
0,0,159,156238.107453,1,1,1.485695558e-5,4.238963335e-3,0.96649312,0.96649312,0.000000,3.14400059
0,0,160,156718.095587,0,0,1.335437267e-3,1.174513340e-4,-0.98922119,0.98922119,0.000000,3.14400059
0,0,161,157198.083722,1,1,8.454923858e-4,4.771152874e-3,0.98943221,0.98943221,0.000000,3.14400059
0,0,162,157678.071856,0,0,1.532433091e-3,7.927532096e-4,-0.88000904,0.88000904,0.000000,3.14400059
0,0,163,158158.059991,1,1,4.528503186e-4,5.884556173e-3,0.91303922,0.91303922,0.000000,3.14400059
0,0,164,158638.048125,0,0,2.773612479e-3,1.363389563e-3,-0.85674507,0.85674507,0.000000,3.14400059
0,0,165,159118.036260,0,0,4.149888129e-3,3.327275732e-4,-0.73399345,0.73399345,0.000000,3.14400059
0,0,166,159598.024394,1,1,1.701524336e-3,3.287949591e-3,0.93931332,0.93931332,0.000000,3.14400059
0,0,167,160078.012529,1,1,1.389774601e-4,3.549042188e-3,0.87208927,0.87208927,0.000000,3.14400059
0,0,168,160558.000663,0,0,1.918729018e-3,5.084536983e-4,-0.93065328,0.93065328,0.000000,3.14400059
0,0,169,161037.988798,1,1,3.842788525e-4,4.143685983e-3,0.93268005,0.93268005,0.000000,3.14400059
0,0,170,161517.976932,0,0,1.418578226e-3,1.612575146e-3,-0.88280870,0.88280870,0.000000,3.14400059
0,0,171,161997.965067,0,0,3.784157274e-3,8.520347213e-4,-0.84564301,0.84564301,0.000000,3.14400059
0,0,172,162477.953201,1,1,1.510306482e-3,3.294077709e-3,0.80298493,0.80298493,0.000000,3.14400059
0,0,173,162957.941336,1,1,1.171945072e-4,4.200941644e-3,0.90263725,0.90263725,0.000000,3.14400059
0,0,174,163437.929470,0,0,1.545911063e-3,9.670816337e-5,-0.93430515,0.93430515,0.000000,3.14400059
0,0,175,163917.917605,0,0,3.223520165e-3,3.009514735e-4,-0.88784976,0.88784976,0.000000,3.14400059
0,0,176,164397.905739,0,0,3.987945517e-3,1.036432788e-4,-0.87940327,0.87940327,0.000000,3.14400059
0,0,177,164877.893874,1,1,1.190183141e-3,3.616507790e-3,0.91999891,0.91999891,0.000000,3.14400059
0,0,178,165357.882008,0,0,1.331508857e-3,1.203186189e-3,-0.91410215,0.91410215,0.000000,3.14400059
0,0,179,165837.870143,1,1,7.662038394e-4,5.477528505e-3,0.87198419,0.87198419,0.000000,3.14400059
0,0,180,166317.858277,0,0,1.088380337e-3,1.003807511e-3,-0.89618992,0.89618992,0.000000,3.14400059
0,0,181,166797.846412,1,1,7.324794631e-5,8.006428413e-3,0.79595181,0.79595181,0.000000,3.14400059
0,0,182,167277.834546,0,0,1.522854222e-3,1.446524391e-3,-0.95153618,0.95153618,0.000000,3.14400059
0,0,183,167757.822681,0,0,2.806634115e-3,2.152780444e-4,-0.90920463,0.90920463,0.000000,3.14400059
0,0,184,168237.810815,0,0,5.081549173e-3,3.054987827e-5,-0.90091217,0.90091217,0.000000,3.14400059
0,0,185,168717.798950,1,1,7.359000215e-4,4.507450466e-3,0.97002743,0.97002743,0.000000,3.14400059
0,0,186,169197.787084,0,0,1.926211097e-3,1.324290290e-3,-0.92093212,0.92093212,0.000000,3.14400059
0,0,187,169677.775219,0,0,2.386930728e-3,5.135465127e-4,-0.93422885,0.93422885,0.000000,3.14400059
0,0,188,170157.763353,0,0,3.397077241e-3,4.470601457e-6,-0.88788118,0.88788118,0.000000,3.14400059
0,0,189,170637.751488,1,1,3.298557764e-4,3.047127541e-3,0.88312287,0.88312287,0.000000,3.14400059
0,0,190,171117.739622,1,1,1.586637176e-4,1.787847840e-3,0.58687129,0.58687129,0.000000,3.14400059
0,0,191,171597.727757,0,0,1.544192479e-3,2.347125381e-4,-0.90888742,0.90888742,0.000000,3.14400059
0,0,192,172077.715891,0,0,3.315327201e-3,2.853948355e-4,-0.89571584,0.89571584,0.000000,3.14400059
0,0,193,172557.704026,0,0,3.444890731e-3,7.077001357e-6,-0.87262638,0.87262638,0.000000,3.14400059
0,0,194,173037.692160,0,0,5.014847547e-3,1.782796203e-6,-0.86869993,0.86869993,0.000000,3.14400059
0,0,195,173517.680295,0,0,7.868249293e-3,1.713054565e-5,-0.73099253,0.73099253,0.000000,3.14400059
0,0,196,173997.668429,0,0,6.586992437e-3,1.152379422e-5,-0.84862937,0.84862937,0.000000,3.14400059
0,0,197,174477.656564,0,0,4.630974008e-3,7.874227838e-6,-0.98532850,0.98532850,0.000000,3.14400059
0,0,198,174957.644698,0,0,3.796617863e-3,4.520265852e-5,-0.97400168,0.97400168,0.000000,3.14400059
0,0,199,175437.632833,1,1,7.988433658e-4,1.737624143e-3,0.51264853,0.51264853,0.000000,3.14400059
0,0,200,175917.620967,0,0,1.076493209e-3,4.523831517e-4,-0.77413004,0.77413004,0.000000,3.14400059
0,0,201,176397.609102,0,0,2.141275231e-3,2.327088038e-4,-0.84515377,0.84515377,0.000000,3.14400059
0,0,202,176877.597236,0,0,2.361541110e-3,8.469490198e-5,-0.90280191,0.90280191,0.000000,3.14400059
0,0,203,177357.585371,0,0,3.076320199e-3,5.466035923e-6,-0.94702317,0.94702317,0.000000,3.14400059
0,0,204,177837.573505,0,0,4.072346762e-3,3.920711301e-6,-0.97687172,0.97687172,0.000000,3.14400059
0,0,205,178317.561640,0,0,4.435224079e-3,1.361338832e-6,-0.97474758,0.97474758,0.000000,3.14400059
0,0,206,178797.549774,0,0,4.321694873e-3,9.272516313e-6,-0.93181565,0.93181565,0.000000,3.14400059
0,0,207,179277.537909,0,0,3.693723835e-3,8.940872597e-6,-0.91622545,0.91622545,0.000000,3.14400059
0,0,208,179757.526043,0,0,3.758962951e-3,1.081362149e-6,-0.98662431,0.98662431,0.000000,3.14400059
0,0,209,180237.514178,0,0,3.183740559e-3,6.231213107e-6,-0.92375288,0.92375288,0.000000,3.14400059
0,0,210,180717.502313,0,0,2.115841051e-3,1.535741325e-6,-0.84701346,0.84701346,0.000000,3.14400059
0,0,211,181197.490447,0,0,1.932124748e-3,1.323714646e-6,-0.87215263,0.87215263,0.000000,3.14400059
0,0,212,181677.478582,0,0,2.109958271e-3,5.560433734e-8,-0.90648453,0.90648453,0.000000,3.14400059
0,0,213,182157.466716,0,0,1.402693506e-3,1.464058544e-6,-0.77041286,0.77041286,0.000000,3.14400059
0,0,214,182637.454851,0,0,1.661150472e-3,2.190143391e-6,-0.85279597,0.85279597,0.000000,3.14400059
0,0,215,183117.442985,0,0,2.321600445e-3,7.636288189e-7,-0.95925254,0.95925254,0.000000,3.14400059
0,0,216,183597.431120,0,0,1.911149494e-3,8.287638826e-8,-0.88656810,0.88656810,0.000000,3.14400059
0,0,217,184077.419254,0,0,2.129283344e-3,1.243639757e-6,-0.93343338,0.93343338,0.000000,3.14400059
0,0,218,184557.407389,0,0,2.137510283e-3,1.050427036e-6,-0.98744407,0.98744407,0.000000,3.14400059
0,0,219,185037.395523,0,0,1.814403306e-3,7.154671030e-7,-0.94138387,0.94138387,0.000000,3.14400059
0,0,220,185517.383658,0,0,1.204829000e-3,9.854315316e-7,-0.84360656,0.84360656,0.000000,3.14400059
0,0,221,185997.371792,0,0,1.479897183e-3,3.179822558e-7,-0.92740527,0.92740527,0.000000,3.14400059
0,0,222,186477.359927,0,0,1.508453460e-3,4.647471979e-7,-0.95530063,0.95530063,0.000000,3.14400059
0,0,223,186957.348061,0,0,1.482326181e-3,4.186702981e-7,-0.96003191,0.96003191,0.000000,3.14400059
0,0,224,187437.336196,0,0,1.491865549e-3,3.516533899e-7,-0.96727545,0.96727545,0.000000,3.14400059
0,0,225,187917.324330,0,0,1.462253754e-3,1.236926419e-6,-0.96054681,0.96054681,0.000000,3.14400059
0,0,226,188397.312465,0,0,1.292678965e-3,2.101293642e-8,-0.95197123,0.95197123,0.000000,3.14400059
0,0,227,188877.300599,0,0,1.414512466e-3,1.927404259e-6,-0.97069162,0.97069162,0.000000,3.14400059
0,0,228,189357.288734,0,0,1.487892538e-3,2.064347654e-7,-0.98757828,0.98757828,0.000000,3.14400059
0,0,229,189837.276868,0,0,1.319666213e-3,1.467734217e-6,-0.97920830,0.97920830,0.000000,3.14400059
0,0,230,190317.265003,0,0,1.058086744e-3,3.164502185e-7,-0.93327283,0.93327283,0.000000,3.14400059
0,0,231,190797.253137,0,0,1.260310008e-3,1.046671520e-6,-0.98245852,0.98245852,0.000000,3.14400059
0,0,232,191277.241272,0,0,1.394950955e-3,1.098950778e-6,-0.99493355,0.99493355,0.000000,3.14400059
0,0,233,191757.229406,0,0,1.330227068e-3,6.820244086e-7,-0.98872894,0.98872894,0.000000,3.14400059
0,0,234,192237.217541,0,0,1.521708089e-3,9.797279825e-7,-0.99549995,0.99549995,0.000000,3.14400059
0,0,235,192717.205675,0,0,1.615001029e-3,1.540813493e-7,-0.99935634,0.99935634,0.000000,3.14400059
0,0,236,193197.193810,0,0,1.563236403e-3,1.833374495e-6,-0.99560996,0.99560996,0.000000,3.14400059
0,0,237,193677.181944,0,0,1.459058518e-3,2.569062761e-7,-0.99894251,0.99894251,0.000000,3.14400059
0,0,238,194157.170079,0,0,1.281057870e-3,1.139130084e-6,-0.98967332,0.98967332,0.000000,3.14400059
0,0,239,194637.158213,0,0,1.394097813e-3,8.360965376e-7,-0.98211952,0.98211952,0.000000,3.14400059
0,0,240,195117.146348,0,0,1.399829777e-3,6.671068824e-8,-0.99884445,0.99884445,0.000000,3.14400059
0,0,241,195597.134482,0,0,1.446334433e-3,4.834190498e-7,-0.99613767,0.99613767,0.000000,3.14400059
0,0,242,196077.122617,0,0,1.644381131e-3,1.157525911e-6,-0.99666761,0.99666761,0.000000,3.14400059
0,0,243,196557.110751,0,0,1.742232707e-3,3.804692244e-7,-0.98957890,0.98957890,0.000000,3.14400059
0,0,244,197037.098886,0,0,1.576673880e-3,1.071947046e-6,-0.99287415,0.99287415,0.000000,3.14400059
0,0,245,197517.087020,0,0,1.625447923e-3,8.351390122e-7,-0.99103696,0.99103696,0.000000,3.14400059
0,0,246,197997.075155,0,0,1.591680670e-3,1.306905061e-6,-0.99141763,0.99141763,0.000000,3.14400059
0,0,247,198477.063289,0,0,1.476737146e-3,1.033283656e-7,-0.99843603,0.99843603,0.000000,3.14400059
0,0,248,198957.051424,0,0,1.196263139e-3,3.503971016e-8,-0.98482547,0.98482547,0.000000,3.14400059
0,0,249,199437.039558,0,0,1.269638103e-3,2.865044307e-7,-0.99329572,0.99329572,0.000000,3.14400059
0,0,250,199917.027693,0,0,1.372448067e-3,3.023597913e-7,-0.99878232,0.99878232,0.000000,3.14400059
0,0,251,200397.015827,0,0,1.454958281e-3,1.206282860e-6,-0.99778588,0.99778588,0.000000,3.14400059
0,0,252,200877.003962,0,0,1.566274170e-3,8.871672942e-7,-0.99710378,0.99710378,0.000000,3.14400059
0,0,253,201356.992096,0,0,1.579954084e-3,6.487672659e-7,-0.99835633,0.99835633,0.000000,3.14400059
0,0,254,201836.980231,0,0,1.515493782e-3,1.545888741e-6,-0.99893869,0.99893869,0.000000,3.14400059
0,0,255,202316.968365,0,0,1.406662339e-3,7.797094296e-7,-0.99759462,0.99759462,0.000000,3.14400059
0,0,256,202796.956500,0,0,1.495182970e-3,1.701584331e-6,-0.99913582,0.99913582,0.000000,3.14400059
0,0,257,203276.944634,0,0,1.156299639e-3,6.154833992e-7,-0.98713838,0.98713838,0.000000,3.14400059
0,0,258,203756.932769,0,0,1.119681361e-3,3.327220546e-5,-0.94708334,0.94708334,0.000000,3.14400059
0,0,259,204236.920903,1,1,3.647865998e-4,6.287338790e-4,0.32369310,0.32369310,0.000000,3.14400059
0,0,260,204716.909038,0,0,2.543186867e-4,5.396384773e-4,-0.93477393,0.93477393,0.000000,3.14400059
0,0,261,205196.897172,0,0,1.347798415e-3,1.505717614e-4,-0.93574440,0.93574440,0.000000,3.14400059
0,0,262,205676.885307,0,0,1.408915797e-3,1.909956455e-5,-0.97824385,0.97824385,0.000000,3.14400059
0,0,263,206156.873441,1,1,4.040741727e-4,8.809459725e-4,0.19384259,0.19384259,0.000000,3.14400059
0,0,264,206636.861576,0,0,8.914837143e-4,9.934478735e-4,-0.97526178,0.97526178,0.000000,3.14400059
0,0,265,207116.849710,0,0,2.081059357e-3,1.955787504e-4,-0.93123478,0.93123478,0.000000,3.14400059
0,0,266,207596.837845,0,0,2.613705553e-3,3.564591262e-5,-0.97623952,0.97623952,0.000000,3.14400059
0,0,267,208076.825979,0,0,1.985190265e-3,3.427894540e-6,-0.93062527,0.93062527,0.000000,3.14400059
0,0,268,208556.814114,0,0,3.180257266e-3,5.521566536e-7,-0.95923652,0.95923652,0.000000,3.14400059
0,0,269,209036.802248,0,0,3.506972847e-3,2.245140467e-6,-0.86838059,0.86838059,0.000000,3.14400059
0,0,270,209516.790383,0,0,3.273641305e-3,8.970526172e-6,-0.94807196,0.94807196,0.000000,3.14400059
0,0,271,209996.778517,0,0,2.632237299e-3,4.606202674e-6,-0.95827525,0.95827525,0.000000,3.14400059
0,0,272,210476.766652,0,0,2.604404164e-3,1.200876209e-6,-0.96604909,0.96604909,0.000000,3.14400059
0,0,273,210956.754786,0,0,2.308210200e-3,6.395566476e-6,-0.98730814,0.98730814,0.000000,3.14400059
0,0,274,211436.742921,0,0,1.736032369e-3,8.483700327e-6,-0.98897414,0.98897414,0.000000,3.14400059
0,0,275,211916.731055,0,0,1.422468672e-3,9.843386639e-7,-0.95474980,0.95474980,0.000000,3.14400059
0,0,276,212396.719190,0,0,1.252243412e-3,5.684919596e-7,-0.95267245,0.95267245,0.000000,3.14400059
0,0,277,212876.707324,0,0,1.387661172e-3,7.331202794e-7,-0.97364089,0.97364089,0.000000,3.14400059
0,0,278,213356.695459,0,0,1.065432516e-3,1.372552610e-6,-0.92725484,0.92725484,0.000000,3.14400059
0,0,279,213836.683593,0,0,1.204180430e-3,1.653961777e-6,-0.96668584,0.96668584,0.000000,3.14400059
0,0,280,214316.671728,0,0,1.320103121e-3,1.640247200e-6,-0.97454316,0.97454316,0.000000,3.14400059
0,0,281,214796.659862,0,0,1.351759353e-3,1.625675741e-6,-0.98066594,0.98066594,0.000000,3.14400059
0,0,282,215276.647997,0,0,1.253645226e-3,1.353187295e-7,-0.98483304,0.98483304,0.000000,3.14400059
0,0,283,215756.636131,0,0,1.417687143e-3,3.723693965e-7,-0.99725204,0.99725204,0.000000,3.14400059
0,0,284,216236.624266,0,0,1.378790803e-3,2.556448581e-7,-0.99618782,0.99618782,0.000000,3.14400059
0,0,285,216716.612400,0,0,1.057835393e-3,6.782024427e-7,-0.96912685,0.96912685,0.000000,3.14400059
0,0,286,217196.600535,0,0,1.135712233e-3,9.757690809e-7,-0.98153874,0.98153874,0.000000,3.14400059
0,0,287,217676.588669,0,0,1.236009581e-3,4.133821094e-7,-0.99398570,0.99398570,0.000000,3.14400059
0,0,288,218156.576804,0,0,1.389842946e-3,2.175729611e-7,-0.99835346,0.99835346,0.000000,3.14400059
0,0,289,218636.564938,0,0,1.590408883e-3,1.064414521e-6,-0.99636944,0.99636944,0.000000,3.14400059
0,0,290,219116.553073,0,0,1.436359589e-3,8.888649640e-8,-0.99995112,0.99995112,0.000000,3.14400059
0,0,291,219596.541207,0,0,1.589178365e-3,2.214407652e-7,-0.99111059,0.99111059,0.000000,3.14400059
0,0,292,220076.529342,0,0,1.570025991e-3,1.517494727e-6,-0.99774100,0.99774100,0.000000,3.14400059
0,0,293,220556.517476,0,0,1.411036066e-3,9.128711816e-7,-0.99684241,0.99684241,0.000000,3.14400059
0,0,294,221036.505611,0,0,1.088306307e-3,3.334793344e-5,-0.94535772,0.94535772,0.000000,3.14400059
0,0,295,221516.493745,1,1,3.085799775e-4,8.802712528e-4,0.56407314,0.56407314,0.000000,3.14400059
0,0,296,221996.481880,0,0,2.830917821e-4,4.068922260e-4,-0.90362473,0.90362473,0.000000,3.14400059
0,0,297,222476.470014,0,0,1.177467235e-3,2.614982519e-4,-0.91865736,0.91865736,0.000000,3.14400059
0,0,298,222956.458149,1,1,2.244443005e-4,7.390354456e-4,0.50744961,0.50744961,0.000000,3.14400059
0,0,299,223436.446283,0,0,9.427737889e-4,6.475488423e-4,-0.88469792,0.88469792,0.000000,3.14400059
0,0,300,223916.434418,1,1,5.747699535e-4,2.800783083e-3,0.86483498,0.86483498,0.000000,3.14400059
0,0,301,224396.422552,0,0,9.734500409e-4,1.083638762e-3,-0.93277586,0.93277586,0.000000,3.14400059
0,0,302,224876.410687,1,1,1.895502956e-4,2.843291764e-3,0.88849869,0.88849869,0.000000,3.14400059
0,0,303,225356.398821,1,1,1.169961412e-4,1.174080083e-3,0.89909378,0.89909378,0.000000,3.14400059
0,0,304,225836.386956,1,1,1.304512846e-4,1.542480428e-3,0.80393974,0.80393974,0.000000,3.14400059
0,0,305,226316.375090,1,1,1.403876676e-5,1.704869815e-3,0.99021873,0.99021873,0.000000,3.14400059
0,0,306,226796.363225,0,0,1.319004391e-3,5.366697723e-4,-0.95103990,0.95103990,0.000000,3.14400059
0,0,307,227276.351359,0,0,2.746726724e-3,1.981861589e-4,-0.88025506,0.88025506,0.000000,3.14400059
0,0,308,227756.339494,1,1,1.322864830e-3,1.164707516e-3,0.75641714,0.75641714,0.000000,3.14400059
0,0,309,228236.327628,0,0,9.272093612e-4,1.011869762e-3,-0.92724856,0.92724856,0.000000,3.14400059
0,0,310,228716.315763,1,1,7.799410902e-4,3.262537661e-3,0.98956873,0.98956873,0.000000,3.14400059
0,0,311,229196.303897,1,1,9.182559968e-5,1.348069122e-3,0.86814639,0.86814639,0.000000,3.14400059
0,0,312,229676.292032,0,0,9.786261220e-4,5.840201224e-4,-0.95641872,0.95641872,0.000000,3.14400059
0,0,313,230156.280166,0,0,2.736532222e-3,3.462893339e-5,-0.95109601,0.95109601,0.000000,3.14400059
0,0,314,230636.268301,0,0,3.148841099e-3,1.659813877e-4,-0.89934314,0.89934314,0.000000,3.14400059
0,0,315,231116.256435,0,0,3.636897206e-3,3.917573871e-5,-0.95418929,0.95418929,0.000000,3.14400059
0,0,316,231596.244570,1,1,1.252717761e-3,1.731223755e-3,0.94292249,0.94292249,0.000000,3.14400059
0,0,317,232076.232704,1,1,8.400374784e-5,1.151206359e-3,0.87025296,0.87025296,0.000000,3.14400059
0,0,318,232556.220839,1,1,1.159840293e-5,1.819220355e-3,0.82917222,0.82917222,0.000000,3.14400059
0,0,319,233036.208973,0,0,7.972365184e-4,6.152643228e-4,-0.97926832,0.97926832,0.000000,3.14400059
0,0,320,233516.197108,0,0,2.566856027e-3,1.924298587e-4,-0.91584440,0.91584440,0.000000,3.14400059
0,0,321,233996.185242,0,0,3.010220619e-3,3.129514010e-5,-0.95781669,0.95781669,0.000000,3.14400059
0,0,322,234476.173377,1,1,6.670006437e-4,1.419167434e-3,0.96227685,0.96227685,0.000000,3.14400059
0,0,323,234956.161511,1,1,1.697579115e-4,1.153236953e-3,0.94580277,0.94580277,0.000000,3.14400059
0,0,324,235436.149646,1,1,3.378472981e-5,2.726466411e-3,0.97259936,0.97259936,0.000000,3.14400059
0,0,325,235916.137780,1,1,7.040787280e-5,2.392576415e-3,0.96690642,0.96690642,0.000000,3.14400059
0,0,326,236396.125915,1,1,1.386440585e-4,2.149116803e-3,0.91652988,0.91652988,0.000000,3.14400059
0,0,327,236876.114049,0,0,1.486277548e-3,4.578162831e-4,-0.95916994,0.95916994,0.000000,3.14400059
0,0,328,237356.102184,0,0,3.178052470e-3,1.016066030e-4,-0.96371622,0.96371622,0.000000,3.14400059
0,0,329,237836.090318,0,0,3.960472425e-3,5.258354041e-5,-0.97336591,0.97336591,0.000000,3.14400059
0,0,330,238316.078453,0,0,3.781069149e-3,4.719553627e-5,-0.91670530,0.91670530,0.000000,3.14400059
0,0,331,238796.066587,0,0,3.522708850e-3,1.808407463e-4,-0.83473366,0.83473366,0.000000,3.14400059
0,0,332,239276.054722,1,1,9.274989598e-4,1.310463453e-3,0.88514780,0.88514780,0.000000,3.14400059
0,0,333,239756.042856,0,0,3.852203578e-4,9.089768404e-4,-0.88380027,0.88380027,0.000000,3.14400059
0,0,334,240236.030991,1,1,8.850805556e-5,3.480514825e-3,0.84540808,0.84540808,0.000000,3.14400059
0,0,335,240716.019125,1,1,1.636208447e-4,1.243013179e-3,0.89434576,0.89434576,0.000000,3.14400059
0,0,336,241196.007260,0,0,1.076677723e-3,2.894818379e-4,-0.93763850,0.93763850,0.000000,3.14400059
0,0,337,241675.995394,1,1,3.545425660e-4,3.368596466e-3,0.96316878,0.96316878,0.000000,3.14400059
0,0,338,242155.983529,0,0,1.298009179e-3,1.133558250e-3,-0.91419291,0.91419291,0.000000,3.14400059
0,0,339,242635.971663,1,1,5.729654148e-4,3.798183112e-3,0.94757615,0.94757615,0.000000,3.14400059
0,0,340,243115.959798,0,0,1.270797564e-3,1.468227191e-3,-0.98931592,0.98931592,0.000000,3.14400059
0,0,341,243595.947932,0,0,2.581437539e-3,1.372856108e-4,-0.96691417,0.96691417,0.000000,3.14400059
0,0,342,244075.936067,1,1,2.089968795e-3,3.034676159e-3,0.87363661,0.87363661,0.000000,3.14400059
0,0,343,244555.924201,0,0,6.942623020e-4,1.121223673e-3,-0.97785296,0.97785296,0.000000,3.14400059
0,0,344,245035.912336,0,0,3.426210305e-3,5.569178601e-5,-0.97893969,0.97893969,0.000000,3.14400059
0,0,345,245515.900470,1,1,7.975472215e-4,2.183088340e-3,0.97850355,0.97850355,0.000000,3.14400059
0,0,346,245995.888605,0,0,8.484234143e-4,1.225699762e-3,-0.93889740,0.93889740,0.000000,3.14400059
0,0,347,246475.876739,0,0,3.055732525e-3,3.534689870e-4,-0.94360772,0.94360772,0.000000,3.14400059
0,0,348,246955.864874,1,1,7.043379260e-4,1.985869782e-3,0.96448671,0.96448671,0.000000,3.14400059
0,0,349,247435.853008,0,0,1.142643672e-3,1.201722339e-3,-0.94968848,0.94968848,0.000000,3.14400059
0,0,350,247915.841143,1,1,3.735090077e-4,3.846713271e-3,0.97176161,0.97176161,0.000000,3.14400059
0,0,351,248395.829277,0,0,9.042360800e-4,1.577334055e-3,-0.96563212,0.96563212,0.000000,3.14400059
0,0,352,248875.817412,0,0,2.242161737e-3,1.576231238e-4,-0.99165518,0.99165518,0.000000,3.14400059
0,0,353,249355.805546,1,1,1.233830779e-3,2.363117550e-3,0.93619262,0.93619262,0.000000,3.14400059
0,0,354,249835.793681,0,0,1.077091755e-3,7.405836637e-4,-0.93473505,0.93473505,0.000000,3.14400059
0,0,355,250315.781815,1,1,6.827930624e-4,4.108312394e-3,0.94968560,0.94968560,0.000000,3.14400059
0,0,356,250795.769950,1,1,5.469658954e-5,1.938762029e-3,0.97907817,0.97907817,0.000000,3.14400059
0,0,357,251275.758084,1,1,1.307686377e-4,2.664953506e-3,0.95656011,0.95656011,0.000000,3.14400059
0,0,358,251755.746219,1,1,9.073975686e-8,3.186874369e-3,0.93693679,0.93693679,0.000000,3.14400059
0,0,359,252235.734353,1,1,1.267964834e-4,2.820110051e-3,0.91599564,0.91599564,0.000000,3.14400059
0,0,360,252715.722488,0,0,1.348755864e-3,4.120019385e-4,-0.91730575,0.91730575,0.000000,3.14400059
0,0,361,253195.710622,0,0,2.698930363e-3,4.523729849e-4,-0.78750094,0.78750094,0.000000,3.14400059
0,0,362,253675.698757,0,0,2.938750738e-3,4.270135525e-4,-0.89697989,0.89697989,0.000000,3.14400059
0,0,363,254155.686891,1,1,1.332752632e-3,1.938982978e-3,0.94237999,0.94237999,0.000000,3.14400059
0,0,364,254635.675026,1,1,2.697474634e-4,2.196111583e-3,0.99415988,0.99415988,0.000000,3.14400059
0,0,365,255115.663160,1,1,7.024961978e-6,2.675885255e-3,0.94855155,0.94855155,0.000000,3.14400059
0,0,366,255595.651295,1,1,9.113879739e-6,2.245346289e-3,0.98218608,0.98218608,0.000000,3.14400059
0,0,367,256075.639429,0,0,1.138439121e-3,5.042576605e-4,-0.97507290,0.97507290,0.000000,3.14400059
0,0,368,256555.627564,0,0,2.523497322e-3,2.424059176e-5,-0.98109517,0.98109517,0.000000,3.14400059
0,0,369,257035.615698,0,0,3.192127861e-3,2.028399519e-4,-0.95170591,0.95170591,0.000000,3.14400059
0,0,370,257515.603833,0,0,4.077704042e-3,3.035590105e-5,-0.96118872,0.96118872,0.000000,3.14400059
0,0,371,257995.591967,0,0,2.948730278e-3,1.141489615e-4,-0.69174208,0.69174208,0.000000,3.14400059
0,0,372,258475.580102,1,1,9.552331878e-4,1.873294863e-3,0.94162850,0.94162850,0.000000,3.14400059
0,0,373,258955.568236,0,0,4.431584957e-4,6.326271183e-4,-0.86455360,0.86455360,0.000000,3.14400059
0,0,374,259435.556371,0,0,1.263999068e-3,1.962984001e-4,-0.86820689,0.86820689,0.000000,3.14400059
0,0,375,259915.544505,1,1,1.939396607e-4,1.338750168e-3,0.88361927,0.88361927,0.000000,3.14400059
0,0,376,260395.532640,1,1,8.479374805e-5,7.247348436e-4,0.81735667,0.81735667,0.000000,3.14400059
0,0,377,260875.520774,0,0,1.195635660e-3,3.602076213e-4,-0.94460932,0.94460932,0.000000,3.14400059
0,0,378,261355.508909,1,1,1.909828956e-4,3.496717809e-3,0.97145502,0.97145502,0.000000,3.14400059
0,0,379,261835.497043,1,1,3.426277893e-5,1.320667258e-3,0.95782881,0.95782881,0.000000,3.14400059
0,0,380,262315.485178,1,1,6.423459982e-5,2.681456738e-3,0.97746509,0.97746509,0.000000,3.14400059
0,0,381,262795.473312,0,0,2.075291125e-3,6.293134829e-4,-0.93252617,0.93252617,0.000000,3.14400059
0,0,382,263275.461447,1,1,3.385805200e-4,3.752459470e-3,0.95025668,0.95025668,0.000000,3.14400059
0,0,383,263755.449581,1,1,1.643493159e-4,1.988368936e-3,0.98309783,0.98309783,0.000000,3.14400059
0,0,384,264235.437716,1,1,2.459146248e-5,2.522356957e-3,0.97954614,0.97954614,0.000000,3.14400059
0,0,385,264715.425850,0,0,2.025474731e-3,7.595380462e-4,-0.96717323,0.96717323,0.000000,3.14400059
0,0,386,265195.413985,0,0,3.648085556e-3,1.336937901e-4,-0.89532241,0.89532241,0.000000,3.14400059
0,0,387,265675.402119,0,0,3.251342288e-3,1.574465896e-4,-0.89889774,0.89889774,0.000000,3.14400059
0,0,388,266155.390254,1,1,9.768581769e-4,2.086828547e-3,0.96640801,0.96640801,0.000000,3.14400059
0,0,389,266635.378388,1,1,4.390405658e-4,1.602800368e-3,0.93096514,0.93096514,0.000000,3.14400059
0,0,390,267115.366523,1,1,2.159739603e-5,1.683336441e-3,0.93841027,0.93841027,0.000000,3.14400059
0,0,391,267595.354657,0,0,8.558945656e-4,6.083384025e-4,-0.95001316,0.95001316,0.000000,3.14400059
0,0,392,268075.342792,1,1,1.175725237e-4,3.942413396e-3,0.95184970,0.95184970,0.000000,3.14400059
0,0,393,268555.330926,1,1,4.015837798e-5,8.174019940e-4,0.73769529,0.73769529,0.000000,3.14400059
0,0,394,269035.319061,1,1,3.517323742e-5,1.619506147e-3,0.97583181,0.97583181,0.000000,3.14400059
0,0,395,269515.307195,1,1,1.292238068e-5,2.259781743e-3,0.97998439,0.97998439,0.000000,3.14400059
0,0,396,269995.295330,0,0,1.505157573e-3,8.438863986e-4,-0.96964828,0.96964828,0.000000,3.14400059
0,0,397,270475.283464,0,0,2.521354382e-3,1.214531846e-4,-0.95462021,0.95462021,0.000000,3.14400059
0,0,398,270955.271599,1,1,1.208698948e-3,2.033589388e-3,0.93196672,0.93196672,0.000000,3.14400059
0,0,399,271435.259733,0,0,8.204396548e-4,1.425029970e-3,-0.85153123,0.85153123,0.000000,3.14400059
0,0,400,271915.247868,0,0,2.677910849e-3,2.192720984e-4,-0.91696757,0.91696757,0.000000,3.14400059
0,0,401,272395.236002,0,0,2.185571227e-3,1.824335535e-4,-0.92887128,0.92887128,0.000000,3.14400059
0,0,402,272875.224137,1,1,5.657857151e-4,1.919923558e-3,0.92714196,0.92714196,0.000000,3.14400059
0,0,403,273355.212271,0,0,5.698913005e-4,8.736632538e-4,-0.88481501,0.88481501,0.000000,3.14400059
0,0,404,273835.200406,1,1,2.038583139e-4,2.945008981e-3,0.93403543,0.93403543,0.000000,3.14400059
0,0,405,274315.188540,1,1,1.030694164e-4,1.238907547e-3,0.89836364,0.89836364,0.000000,3.14400059
0,0,406,274795.176675,1,1,2.242481984e-4,1.818742423e-3,0.99035592,0.99035592,0.000000,3.14400059
0,0,407,275275.164809,0,0,1.253120961e-3,3.511072794e-4,-0.96251010,0.96251010,0.000000,3.14400059
0,0,408,275755.152944,1,1,3.632624816e-4,2.834643084e-3,0.93543127,0.93543127,0.000000,3.14400059
0,0,409,276235.141078,0,0,1.110752194e-3,1.358757707e-3,-0.88160251,0.88160251,0.000000,3.14400059
0,0,410,276715.129213,0,0,3.051057482e-3,7.180972025e-4,-0.80676782,0.80676782,0.000000,3.14400059
0,0,411,277195.117347,1,1,1.810334467e-3,2.514771822e-3,0.92399831,0.92399831,0.000000,3.14400059
0,0,412,277675.105482,0,0,1.015191253e-3,9.597062529e-4,-0.93977931,0.93977931,0.000000,3.14400059
0,0,413,278155.093616,1,1,6.157144984e-4,4.214418371e-3,0.93095441,0.93095441,0.000000,3.14400059
0,0,414,278635.081751,1,1,1.072419337e-4,2.501248859e-3,0.95970452,0.95970452,0.000000,3.14400059
0,0,415,279115.069885,0,0,1.541103639e-3,6.386563185e-4,-0.93493068,0.93493068,0.000000,3.14400059
0,0,416,279595.058020,1,1,4.617372108e-4,4.219833444e-3,0.95718598,0.95718598,0.000000,3.14400059
0,0,417,280075.046154,1,1,7.696278264e-5,1.364460152e-3,0.96921170,0.96921170,0.000000,3.14400059
0,0,418,280555.034289,0,0,1.681211009e-3,3.012182093e-4,-0.94606297,0.94606297,0.000000,3.14400059
0,0,419,281035.022423,0,0,2.572716749e-3,3.533916125e-4,-0.88835584,0.88835584,0.000000,3.14400059
0,0,420,281515.010558,1,1,6.578511965e-4,1.920944748e-3,0.98049845,0.98049845,0.000000,3.14400059
0,0,421,281994.998692,0,0,1.272192817e-3,7.631265423e-4,-0.93623375,0.93623375,0.000000,3.14400059
0,0,422,282474.986827,1,1,5.953910227e-4,4.351667948e-3,0.89070653,0.89070653,0.000000,3.14400059
0,0,423,282954.974961,0,0,9.349191260e-4,1.379079111e-3,-0.96711242,0.96711242,0.000000,3.14400059
0,0,424,283434.963096,1,1,1.710066405e-4,3.671854129e-3,0.94727863,0.94727863,0.000000,3.14400059
0,0,425,283914.951230,1,1,2.212208857e-4,1.657587358e-3,0.93772290,0.93772290,0.000000,3.14400059
0,0,426,284394.939365,0,0,1.577502602e-3,4.188048884e-4,-0.94579943,0.94579943,0.000000,3.14400059
0,0,427,284874.927499,1,1,7.856788216e-4,3.462123903e-3,0.97626933,0.97626933,0.000000,3.14400059
0,0,428,285354.915634,0,0,7.393779931e-4,1.220383889e-3,-0.97492108,0.97492108,0.000000,3.14400059
0,0,429,285834.903768,0,0,2.858403033e-3,2.523220156e-4,-0.96626777,0.96626777,0.000000,3.14400059
0,0,430,286314.891903,1,1,1.370481186e-3,2.774219236e-3,0.95128077,0.95128077,0.000000,3.14400059
0,0,431,286794.880037,1,1,8.780698480e-5,9.465323383e-4,0.92813040,0.92813040,0.000000,3.14400059
0,0,432,287274.868172,1,1,4.429640473e-7,2.425020334e-3,0.98041277,0.98041277,0.000000,3.14400059
0,0,433,287754.856306,1,1,5.151518490e-5,3.554398245e-3,0.92098484,0.92098484,0.000000,3.14400059
0,0,434,288234.844441,1,1,6.041228169e-5,1.955767142e-3,0.90505697,0.90505697,0.000000,3.14400059
0,0,435,288714.832575,0,0,1.530280555e-3,1.667360580e-4,-0.88385415,0.88385415,0.000000,3.14400059
0,0,436,289194.820710,1,1,4.911189159e-4,3.556067817e-3,0.94728232,0.94728232,0.000000,3.14400059
0,0,437,289674.808844,1,1,6.762338592e-5,1.502625423e-3,0.96644482,0.96644482,0.000000,3.14400059
0,0,438,290154.796979,1,1,3.931203175e-5,2.090174375e-3,0.93945130,0.93945130,0.000000,3.14400059
0,0,439,290634.785113,0,0,1.683797757e-3,7.744159877e-4,-0.96229455,0.96229455,0.000000,3.14400059
0,0,440,291114.773248,0,0,2.629612621e-3,1.603600199e-4,-0.96433935,0.96433935,0.000000,3.14400059
0,0,441,291594.761382,1,1,1.238523379e-3,1.593980154e-3,0.94825861,0.94825861,0.000000,3.14400059
0,0,442,292074.749517,0,0,6.178660883e-4,7.291015671e-4,-0.86393036,0.86393036,0.000000,3.14400059
0,0,443,292554.737651,1,1,6.479061190e-4,2.988235205e-3,0.91396856,0.91396856,0.000000,3.14400059
0,0,444,293034.725786,0,0,8.391381711e-4,1.606857995e-3,-0.88408249,0.88408249,0.000000,3.14400059
0,0,445,293514.713920,0,0,2.037518559e-3,2.512894897e-4,-0.97264645,0.97264645,0.000000,3.14400059
0,0,446,293994.702055,0,0,3.215585499e-3,1.956714081e-4,-0.96203374,0.96203374,0.000000,3.14400059
0,0,447,294474.690189,0,0,3.306979669e-3,2.051912694e-4,-0.88034254,0.88034254,0.000000,3.14400059
0,0,448,294954.678324,0,0,4.346013541e-3,1.751607818e-5,-0.93435998,0.93435998,0.000000,3.14400059
0,0,449,295434.666458,0,0,2.932764481e-3,2.331743734e-6,-0.97261372,0.97261372,0.000000,3.14400059
0,0,450,295914.654593,0,0,3.040441327e-3,4.359244932e-5,-0.99031489,0.99031489,0.000000,3.14400059
0,0,451,296394.642727,0,0,2.950830783e-3,7.318250407e-6,-0.96487943,0.96487943,0.000000,3.14400059
0,0,452,296874.630862,0,0,1.618516812e-3,2.066102709e-5,-0.78456481,0.78456481,0.000000,3.14400059
0,0,453,297354.618996,1,1,4.506498749e-4,1.183654183e-3,0.86440643,0.86440643,0.000000,3.14400059
0,0,454,297834.607131,1,1,1.494809644e-4,7.859910404e-4,0.82869288,0.82869288,0.000000,3.14400059
0,0,455,298314.595265,1,1,1.229168270e-4,1.787804912e-3,0.91231752,0.91231752,0.000000,3.14400059
0,0,456,298794.583400,0,0,1.060811042e-3,5.382994889e-4,-0.94841127,0.94841127,0.000000,3.14400059
0,0,457,299274.571534,0,0,2.013680971e-3,1.037172812e-4,-0.98981174,0.98981174,0.000000,3.14400059
0,0,458,299754.559669,1,1,5.633988762e-4,1.811311090e-3,0.96072265,0.96072265,0.000000,3.14400059
0,0,459,300234.547803,1,1,2.850377262e-6,1.434043095e-3,0.94282496,0.94282496,0.000000,3.14400059
0,0,460,300714.535938,1,1,2.963321993e-5,2.012211430e-3,0.96676905,0.96676905,0.000000,3.14400059
0,0,461,301194.524072,1,1,1.968461502e-5,2.661669609e-3,0.97074936,0.97074936,0.000000,3.14400059
0,0,462,301674.512207,0,0,1.044697915e-3,5.960443108e-4,-0.99187695,0.99187695,0.000000,3.14400059
0,0,463,302154.500341,1,1,3.990115041e-4,3.498997138e-3,0.95143890,0.95143890,0.000000,3.14400059
0,0,464,302634.488476,0,0,9.639001574e-4,1.314159240e-3,-0.87922180,0.87922180,0.000000,3.14400059
0,0,465,303114.476610,1,1,5.291174120e-4,3.776889953e-3,0.93413208,0.93413208,0.000000,3.14400059
0,0,466,303594.464745,1,1,2.140144348e-4,1.773099646e-3,0.99528213,0.99528213,0.000000,3.14400059
0,0,467,304074.452879,1,1,4.826956520e-5,2.761873586e-3,0.94084051,0.94084051,0.000000,3.14400059
0,0,468,304554.441014,0,0,1.391798106e-3,4.727259113e-4,-0.97387861,0.97387861,0.000000,3.14400059
0,0,469,305034.429148,1,1,2.664430292e-4,3.506885926e-3,0.93101520,0.93101520,0.000000,3.14400059
0,0,470,305514.417283,1,1,1.675971763e-4,1.158783194e-3,0.95786851,0.95786851,0.000000,3.14400059
0,0,471,305994.405417,0,0,1.413327690e-3,2.186718260e-4,-0.96133336,0.96133336,0.000000,3.14400059
0,0,472,306474.393552,0,0,2.666566310e-3,2.044637683e-4,-0.88054221,0.88054221,0.000000,3.14400059
0,0,473,306954.381686,1,1,7.147577701e-4,1.956375334e-3,0.96984689,0.96984689,0.000000,3.14400059
0,0,474,307434.369821,1,1,1.801482007e-4,1.306531554e-3,0.98882372,0.98882372,0.000000,3.14400059
0,0,475,307914.357955,0,0,1.471439121e-3,2.518614150e-4,-0.94127463,0.94127463,0.000000,3.14400059
0,0,476,308394.346090,0,0,3.026126256e-3,3.727232323e-5,-0.93985503,0.93985503,0.000000,3.14400059
0,0,477,308874.334224,1,1,7.579989572e-4,1.863624858e-3,0.97702282,0.97702282,0.000000,3.14400059
0,0,478,309354.322359,0,0,6.031717048e-4,7.866779565e-4,-0.90696385,0.90696385,0.000000,3.14400059
0,0,479,309834.310493,0,0,2.592888594e-3,2.588970033e-4,-0.91165050,0.91165050,0.000000,3.14400059
0,0,480,310314.298628,1,1,7.814967382e-4,2.048882384e-3,0.95838517,0.95838517,0.000000,3.14400059
0,0,481,310794.286762,1,1,6.521159353e-5,9.668102390e-4,0.97914692,0.97914692,0.000000,3.14400059
0,0,482,311274.274897,0,0,1.295426944e-3,9.531208045e-5,-0.97004152,0.97004152,0.000000,3.14400059
0,0,483,311754.263031,0,0,3.104960463e-3,1.544026580e-4,-0.94529923,0.94529923,0.000000,3.14400059
0,0,484,312234.251166,0,0,3.041741028e-3,1.701042935e-4,-0.93644631,0.93644631,0.000000,3.14400059
0,0,485,312714.239300,1,1,9.045442502e-4,2.133594352e-3,0.98301494,0.98301494,0.000000,3.14400059
0,0,486,313194.227435,0,0,9.340617817e-4,7.132912051e-4,-0.94366412,0.94366412,0.000000,3.14400059
0,0,487,313674.215569,1,1,4.758326270e-4,3.461260369e-3,0.95493322,0.95493322,0.000000,3.14400059
0,0,488,314154.203704,0,0,7.974732314e-4,1.041184012e-3,-0.86418508,0.86418508,0.000000,3.14400059
0,0,489,314634.191838,1,1,3.294146386e-5,4.488815981e-3,0.85461675,0.85461675,0.000000,3.14400059
0,0,490,315114.179973,0,0,9.903329405e-4,1.364004907e-3,-0.92391572,0.92391572,0.000000,3.14400059
0,0,491,315594.168107,1,1,2.612757820e-4,3.784014176e-3,0.95381679,0.95381679,0.000000,3.14400059
0,0,492,316074.156242,0,0,1.262152595e-3,9.998458795e-4,-0.92125488,0.92125488,0.000000,3.14400059
0,0,493,316554.144376,1,1,1.035443959e-4,5.563103345e-3,0.84059919,0.84059919,0.000000,3.14400059
0,0,494,317034.132511,0,0,1.529554149e-3,1.235045142e-3,-0.95337214,0.95337214,0.000000,3.14400059
0,0,495,317514.120645,1,1,1.655369403e-4,4.513253170e-3,0.95987616,0.95987616,0.000000,3.14400059
0,0,496,317994.108780,0,0,1.451610172e-3,1.463976164e-3,-0.93906032,0.93906032,0.000000,3.14400059
0,0,497,318474.096914,0,0,2.622017542e-3,2.819612592e-4,-0.97375426,0.97375426,0.000000,3.14400059
0,0,498,318954.085049,1,1,1.428587414e-3,2.550959844e-3,0.91376179,0.91376179,0.000000,3.14400059
0,0,499,319434.073183,1,1,1.133944854e-4,1.449122021e-3,0.97679926,0.97679926,0.000000,3.14400059
0,0,500,319914.061318,0,0,1.333418134e-3,1.615978301e-4,-0.96493969,0.96493969,0.000000,3.14400059
0,0,501,320394.049452,1,1,3.484627504e-4,4.905164594e-3,0.90366560,0.90366560,0.000000,3.14400059
0,0,502,320874.037587,1,1,8.058545148e-5,1.417199868e-3,0.96682614,0.96682614,0.000000,3.14400059
0,0,503,321354.025721,0,0,1.679248756e-3,7.690276122e-5,-0.93135583,0.93135583,0.000000,3.14400059
0,0,504,321834.013856,1,1,6.351438988e-4,4.300944553e-3,0.94371278,0.94371278,0.000000,3.14400059
0,0,505,322314.001990,0,0,1.397440388e-3,1.371074175e-3,-0.88371787,0.88371787,0.000000,3.14400059
0,0,506,322793.990125,0,0,3.126154217e-3,3.501264907e-4,-0.95987197,0.95987197,0.000000,3.14400059
0,0,507,323273.978259,0,0,3.649906311e-3,3.171407501e-4,-0.93049485,0.93049485,0.000000,3.14400059
0,0,508,323753.966394,1,1,7.211967943e-4,2.319765976e-3,0.94312349,0.94312349,0.000000,3.14400059
0,0,509,324233.954528,1,1,4.261679683e-4,1.519815129e-3,0.97519700,0.97519700,0.000000,3.14400059
0,0,510,324713.942663,1,1,1.635510192e-4,2.738023159e-3,0.96205999,0.96205999,0.000000,3.14400059
0,0,511,325193.930797,1,1,3.278905987e-5,2.765770420e-3,0.87737605,0.87737605,0.000000,3.14400059
0,0,512,325673.918932,1,1,2.875242526e-4,1.918854062e-3,0.96584306,0.96584306,0.000000,3.14400059
0,0,513,326153.907066,1,1,7.445285140e-5,1.670214323e-3,0.98386949,0.98386949,0.000000,3.14400059
0,0,514,326633.895201,0,0,1.645456230e-3,1.708668416e-4,-0.83662575,0.83662575,0.000000,3.14400059
0,0,515,327113.883335,0,0,3.335778196e-3,1.314698925e-4,-0.96203107,0.96203107,0.000000,3.14400059
0,0,516,327593.871470,1,1,1.058536233e-3,3.008865095e-3,0.91768351,0.91768351,0.000000,3.14400059
0,0,517,328073.859604,1,1,8.030160159e-5,2.022528958e-3,0.98188987,0.98188987,0.000000,3.14400059
0,0,518,328553.847739,0,0,1.076226298e-3,4.031426926e-4,-0.92347052,0.92347052,0.000000,3.14400059
0,0,519,329033.835873,0,0,2.133981059e-3,1.679931075e-4,-0.89992364,0.89992364,0.000000,3.14400059
0,0,520,329513.824008,1,1,7.664672746e-4,2.202934468e-3,0.92581651,0.92581651,0.000000,3.14400059
0,0,521,329993.812142,0,0,6.961490813e-4,6.907881719e-4,-0.91789298,0.91789298,0.000000,3.14400059
0,0,522,330473.800277,0,0,2.280125463e-3,1.137727733e-4,-0.95122044,0.95122044,0.000000,3.14400059
0,0,523,330953.788411,1,1,1.226785863e-3,1.505408014e-3,0.95390760,0.95390760,0.000000,3.14400059
0,0,524,331433.776546,0,0,6.682962050e-4,6.961486132e-4,-0.92447657,0.92447657,0.000000,3.14400059
0,0,525,331913.764680,1,1,3.380745467e-4,3.862018939e-3,0.86259633,0.86259633,0.000000,3.14400059
0,0,526,332393.752815,0,0,1.017144654e-3,1.357947283e-3,-0.92338538,0.92338538,0.000000,3.14400059
0,0,527,332873.740949,1,1,2.732177712e-4,3.291644875e-3,0.97201919,0.97201919,0.000000,3.14400059
0,0,528,333353.729084,1,1,1.646739830e-4,1.841232877e-3,0.98593412,0.98593412,0.000000,3.14400059
0,0,529,333833.717218,1,1,1.495342192e-4,2.730570090e-3,0.95270385,0.95270385,0.000000,3.14400059
0,0,530,334313.705353,0,0,1.829150348e-3,4.850892243e-4,-0.95824511,0.95824511,0.000000,3.14400059
0,0,531,334793.693487,1,1,2.058523935e-4,3.713437494e-3,0.98855462,0.98855462,0.000000,3.14400059
0,0,532,335273.681622,1,1,9.220401396e-5,1.579733124e-3,0.99171309,0.99171309,0.000000,3.14400059
0,0,533,335753.669756,1,1,4.661606647e-5,2.992957122e-3,0.94538883,0.94538883,0.000000,3.14400059
0,0,534,336233.657891,0,0,1.774611295e-3,5.920178018e-4,-0.95970113,0.95970113,0.000000,3.14400059
0,0,535,336713.646025,0,0,2.105444613e-3,2.450377035e-4,-0.93188539,0.93188539,0.000000,3.14400059
0,0,536,337193.634160,1,1,1.023646196e-3,2.027728400e-3,0.94429435,0.94429435,0.000000,3.14400059
0,0,537,337673.622294,0,0,7.238342240e-4,7.496843795e-4,-0.91781062,0.91781062,0.000000,3.14400059
0,0,538,338153.610429,1,1,7.089352603e-4,3.435811960e-3,0.93145736,0.93145736,0.000000,3.14400059
0,0,539,338633.598563,0,0,9.140931280e-4,1.126621996e-3,-0.95853246,0.95853246,0.000000,3.14400059
0,0,540,339113.586698,0,0,2.190219966e-3,1.700307778e-4,-0.98846872,0.98846872,0.000000,3.14400059
0,0,541,339593.574832,0,0,3.116512199e-3,2.013075787e-4,-0.92135691,0.92135691,0.000000,3.14400059
0,0,542,340073.562967,1,1,5.535441781e-4,1.481810982e-3,0.94046266,0.94046266,0.000000,3.14400059
0,0,543,340553.551101,1,1,2.650411145e-4,6.926713073e-4,0.88622831,0.88622831,0.000000,3.14400059
0,0,544,341033.539236,0,0,9.996517008e-4,1.538279996e-4,-0.95063135,0.95063135,0.000000,3.14400059
0,0,545,341513.527370,0,0,1.680056461e-3,1.705748428e-4,-0.94638856,0.94638856,0.000000,3.14400059
0,0,546,341993.515505,1,1,5.121440384e-4,1.542419245e-3,0.98348218,0.98348218,0.000000,3.14400059
0,0,547,342473.503639,1,1,1.537847529e-4,6.125722583e-4,0.93151411,0.93151411,0.000000,3.14400059
0,0,548,342953.491774,0,0,1.265926955e-3,1.041417851e-4,-0.95539246,0.95539246,0.000000,3.14400059
0,0,549,343433.479908,0,0,2.543049028e-3,1.397075414e-4,-0.99113301,0.99113301,0.000000,3.14400059
0,0,550,343913.468043,1,1,6.416880788e-4,1.758933522e-3,0.99178066,0.99178066,0.000000,3.14400059
0,0,551,344393.456177,0,0,8.212625853e-4,4.549594651e-4,-0.96908630,0.96908630,0.000000,3.14400059
0,0,552,344873.444312,0,0,2.391264645e-3,2.480264471e-4,-0.94400561,0.94400561,0.000000,3.14400059
0,0,553,345353.432446,0,0,2.915630650e-3,9.832371703e-5,-0.94515501,0.94515501,0.000000,3.14400059
0,0,554,345833.420581,0,0,2.076315011e-3,2.272789012e-6,-0.98560243,0.98560243,0.000000,3.14400059
0,0,555,346313.408715,0,0,2.164300464e-3,8.223928020e-5,-0.80253129,0.80253129,0.000000,3.14400059
0,0,556,346793.396850,1,1,6.491743578e-4,1.059110393e-3,0.81648555,0.81648555,0.000000,3.14400059
0,0,557,347273.384984,0,0,2.820572077e-4,8.545819586e-4,-0.80374494,0.80374494,0.000000,3.14400059
0,0,558,347753.373119,0,0,1.009230375e-3,3.078427555e-4,-0.88802324,0.88802324,0.000000,3.14400059
0,0,559,348233.361253,1,1,2.581558178e-4,1.185166247e-3,0.75870593,0.75870593,0.000000,3.14400059
0,0,560,348713.349388,0,0,6.485954827e-4,7.451026211e-4,-0.90711501,0.90711501,0.000000,3.14400059
0,0,561,349193.337522,1,1,3.106848405e-4,3.417015768e-3,0.91855586,0.91855586,0.000000,3.14400059
0,0,562,349673.325657,1,1,4.074456046e-5,1.351894506e-3,0.90937184,0.90937184,0.000000,3.14400059
0,0,563,350153.313791,0,0,1.081628341e-3,7.724941471e-5,-0.95091066,0.95091066,0.000000,3.14400059
0,0,564,350633.301926,1,1,4.438666958e-4,3.712957466e-3,0.93923173,0.93923173,0.000000,3.14400059
0,0,565,351113.290060,0,0,7.168712524e-4,1.388579300e-3,-0.95320776,0.95320776,0.000000,3.14400059
0,0,566,351593.278195,0,0,2.878147469e-3,2.863055404e-4,-0.92937571,0.92937571,0.000000,3.14400059
0,0,567,352073.266329,0,0,3.688427449e-3,1.571140880e-4,-0.89434531,0.89434531,0.000000,3.14400059
0,0,568,352553.254464,0,0,2.498001317e-3,5.665720816e-5,-0.98264383,0.98264383,0.000000,3.14400059
0,0,569,353033.242598,1,1,1.713692540e-3,2.298041267e-3,0.94677615,0.94677615,0.000000,3.14400059
0,0,570,353513.230733,1,1,1.156251617e-4,1.313019087e-3,0.96407571,0.96407571,0.000000,3.14400059
0,0,571,353993.218867,0,0,9.569366891e-4,2.757110397e-4,-0.97771733,0.97771733,0.000000,3.14400059
0,0,572,354473.207002,0,0,1.611798955e-3,1.705465842e-4,-0.99009573,0.99009573,0.000000,3.14400059
0,0,573,354953.195136,1,1,4.273654876e-4,1.239104449e-3,0.91210919,0.91210919,0.000000,3.14400059
0,0,574,355433.183271,0,0,9.481847503e-4,6.538161611e-4,-0.90418431,0.90418431,0.000000,3.14400059
0,0,575,355913.171405,1,1,4.573080886e-4,3.405614720e-3,0.97165091,0.97165091,0.000000,3.14400059
0,0,576,356393.159540,0,0,8.945503293e-4,1.094515587e-3,-0.95934384,0.95934384,0.000000,3.14400059
0,0,577,356873.147674,1,1,2.824234123e-4,3.373845849e-3,0.87781650,0.87781650,0.000000,3.14400059
0,0,578,357353.135809,1,1,1.905419099e-4,1.725765448e-3,0.95343128,0.95343128,0.000000,3.14400059
0,0,579,357833.123943,0,0,1.242803780e-3,2.110640205e-4,-0.94459218,0.94459218,0.000000,3.14400059
0,0,580,358313.112078,1,1,6.718386449e-4,2.858619392e-3,0.97679926,0.97679926,0.000000,3.14400059
0,0,581,358793.100212,1,1,5.578921540e-5,1.396146431e-3,0.98331955,0.98331955,0.000000,3.14400059
0,0,582,359273.088347,0,0,1.083813757e-3,1.613277108e-4,-0.98205774,0.98205774,0.000000,3.14400059
0,0,583,359753.076481,0,0,3.006698909e-3,4.368906450e-4,-0.94336937,0.94336937,0.000000,3.14400059
0,0,584,360233.064616,0,0,2.518494707e-3,1.962452730e-4,-0.93896403,0.93896403,0.000000,3.14400059
0,0,585,360713.052750,1,1,1.027645860e-3,1.870139256e-3,0.97566899,0.97566899,0.000000,3.14400059
0,0,586,361193.040885,1,1,1.835214268e-4,1.196742223e-3,0.98223963,0.98223963,0.000000,3.14400059
0,0,587,361673.029019,0,0,7.617309236e-4,4.300297591e-4,-0.96640179,0.96640179,0.000000,3.14400059
0,0,588,362153.017154,1,1,1.890044610e-4,2.975051603e-3,0.96318231,0.96318231,0.000000,3.14400059
0,0,589,362633.005288,1,1,7.156353454e-5,1.182023066e-3,0.85995904,0.85995904,0.000000,3.14400059
0,0,590,363112.993423,0,0,1.001919503e-3,2.438255724e-4,-0.97154455,0.97154455,0.000000,3.14400059
0,0,591,363592.981557,0,0,2.782368907e-3,2.030660453e-4,-0.91957108,0.91957108,0.000000,3.14400059
0,0,592,364072.969692,0,0,2.364424160e-3,9.326628945e-5,-0.94356802,0.94356802,0.000000,3.14400059
0,0,593,364552.957826,1,1,8.877189878e-4,1.552316893e-3,0.98254638,0.98254638,0.000000,3.14400059
0,0,594,365032.945961,1,1,2.236973487e-4,1.263796883e-3,0.97840318,0.97840318,0.000000,3.14400059
0,0,595,365512.934095,0,0,1.027799495e-3,5.181280436e-4,-0.96264984,0.96264984,0.000000,3.14400059
0,0,596,365992.922230,1,1,2.987559745e-4,2.199562131e-3,0.97300491,0.97300491,0.000000,3.14400059
0,0,597,366472.910364,1,1,7.280642354e-5,1.220196565e-3,0.95043488,0.95043488,0.000000,3.14400059
0,0,598,366952.898499,1,1,5.205202237e-5,1.933916888e-3,0.84651438,0.84651438,0.000000,3.14400059
0,0,599,367432.886633,1,1,2.114667790e-5,1.426383105e-3,0.93881101,0.93881101,0.000000,3.14400059
0,0,600,367912.874768,0,0,1.158207206e-3,4.767697691e-4,-0.96251138,0.96251138,0.000000,3.14400059
0,0,601,368392.862902,0,0,2.458002482e-3,3.516457627e-4,-0.80004543,0.80004543,0.000000,3.14400059
0,0,602,368872.851037,1,1,8.431725771e-4,1.366137677e-3,0.97266743,0.97266743,0.000000,3.14400059
0,0,603,369352.839171,0,0,8.129231691e-4,8.058524247e-4,-0.83736204,0.83736204,0.000000,3.14400059
0,0,604,369832.827306,1,1,6.448647563e-4,3.235050411e-3,0.97034611,0.97034611,0.000000,3.14400059
0,0,605,370312.815440,1,1,5.019840872e-5,1.524775673e-3,0.87125308,0.87125308,0.000000,3.14400059
0,0,606,370792.803575,1,1,6.744955381e-5,1.461479141e-3,0.90629341,0.90629341,0.000000,3.14400059
0,0,607,371272.791709,0,0,1.113274180e-3,7.539470430e-4,-0.98132406,0.98132406,0.000000,3.14400059
0,0,608,371752.779844,0,0,2.312277786e-3,3.871555403e-5,-0.93269302,0.93269302,0.000000,3.14400059
0,0,609,372232.767978,1,1,1.232784429e-3,5.835723421e-4,0.86640703,0.86640703,0.000000,3.14400059
0,0,610,372712.756113,1,1,6.031186210e-5,8.655575412e-4,0.98496790,0.98496790,0.000000,3.14400059
0,0,611,373192.744247,1,1,8.380714184e-6,1.520924527e-3,0.95825465,0.95825465,0.000000,3.14400059
0,0,612,373672.732382,0,0,5.551423052e-4,6.627648106e-4,-0.91768632,0.91768632,0.000000,3.14400059
0,0,613,374152.720516,1,1,2.581829026e-4,2.548092609e-3,0.92712285,0.92712285,0.000000,3.14400059
0,0,614,374632.708651,0,0,7.651711537e-4,1.053312797e-3,-0.95083390,0.95083390,0.000000,3.14400059
0,0,615,375112.696785,0,0,2.441601756e-3,2.082478928e-4,-0.93658326,0.93658326,0.000000,3.14400059
0,0,616,375592.684920,0,0,3.152054897e-3,8.501351341e-5,-0.90690106,0.90690106,0.000000,3.14400059
0,0,617,376072.673054,1,1,4.888719243e-4,9.433350223e-4,0.95711856,0.95711856,0.000000,3.14400059
0,0,618,376552.661189,1,1,1.270930933e-4,1.383276879e-3,0.90453963,0.90453963,0.000000,3.14400059
0,0,619,377032.649323,1,1,7.913817601e-5,1.374449513e-3,0.89482097,0.89482097,0.000000,3.14400059
0,0,620,377512.637458,1,1,5.179802808e-5,1.089837224e-3,0.84146500,0.84146500,0.000000,3.14400059
0,0,621,377992.625592,0,0,7.750735960e-4,2.630692689e-4,-0.94163203,0.94163203,0.000000,3.14400059
0,0,622,378472.613727,0,0,2.460521275e-3,9.976339492e-5,-0.97939531,0.97939531,0.000000,3.14400059
0,0,623,378952.601861,0,0,3.083780399e-3,7.629140846e-5,-0.94746808,0.94746808,0.000000,3.14400059
0,0,624,379432.589996,0,0,2.841862386e-3,4.309385031e-6,-0.84982790,0.84982790,0.000000,3.14400059
0,0,625,379912.578130,1,1,1.209185495e-3,7.835430490e-4,0.90001054,0.90001054,0.000000,3.14400059
0,0,626,380392.566265,1,1,3.703671478e-5,7.275717994e-4,0.73212675,0.73212675,0.000000,3.14400059
0,0,627,380872.554400,1,1,4.106628982e-5,1.205664603e-3,0.68422251,0.68422251,0.000000,3.14400059
0,0,628,381352.542534,0,0,1.520347563e-4,7.245124175e-4,-0.72311610,0.72311610,0.000000,3.14400059
0,0,629,381832.530669,1,1,5.908043225e-5,5.723319814e-4,0.55580611,0.55580611,0.000000,3.14400059
0,0,630,382312.518803,0,0,4.364085192e-4,8.575440087e-4,-0.82890770,0.82890770,0.000000,3.14400059
0,0,631,382792.506938,0,0,1.412914267e-3,1.302221125e-4,-0.84720451,0.84720451,0.000000,3.14400059
0,0,632,383272.495072,1,1,7.713667066e-4,4.062774458e-4,0.50331342,0.50331342,0.000000,3.14400059
0,0,633,383752.483207,1,1,2.618768082e-6,1.141936405e-3,0.61279953,0.61279953,0.000000,3.14400059
0,0,634,384232.471341,1,1,1.286057634e-5,1.363345465e-3,0.60279961,0.60279961,0.000000,3.14400059
0,0,635,384712.459476,1,1,2.853200161e-5,2.229140080e-3,0.42373251,0.42373251,0.000000,3.14400059
0,0,636,385192.447610,0,0,7.455553100e-4,5.860302034e-4,-0.78866254,0.78866254,0.000000,3.14400059
0,0,637,385672.435745,0,0,1.565518060e-3,1.521932165e-4,-0.82496801,0.82496801,0.000000,3.14400059
0,0,638,386152.423879,1,1,6.190186235e-4,9.910769474e-4,0.26717582,0.26717582,0.000000,3.14400059
0,0,639,386632.412014,1,1,1.286887146e-4,2.429257451e-3,0.37547983,0.37547983,0.000000,3.14400059
0,0,640,387112.400148,0,0,6.002799506e-4,3.923437571e-4,-0.35673367,0.35673367,0.000000,3.14400059
0,0,641,387592.388283,0,0,1.351332050e-3,4.013961641e-4,-0.43243896,0.43243896,0.000000,3.14400059
0,0,642,388072.376417,1,1,5.003783339e-4,2.085603372e-3,0.09647649,0.09647649,0.000000,3.14400059
0,0,643,388552.364552,1,1,1.025684856e-4,4.722198065e-3,0.10038828,0.10038828,0.000000,3.14400059
0,0,644,389032.352686,1,1,9.968745109e-6,4.128850575e-3,0.15008508,0.15008508,0.000000,3.14400059
0,0,645,389512.340821,1,1,1.352083643e-6,5.834992752e-3,0.11294637,0.11294637,0.000000,3.14400059
0,0,646,389992.328955,0,0,4.623799558e-4,3.802846735e-4,-0.68454955,0.68454955,0.000000,3.14400059
0,0,647,390472.317090,0,0,1.445097911e-3,3.945180813e-4,-0.50464555,0.50464555,0.000000,3.14400059
0,0,648,390952.305224,1,1,1.135287366e-3,2.917003438e-3,0.10508181,0.10508181,0.000000,3.14400059
0,0,649,391432.293359,0,0,7.129197194e-4,9.502978402e-4,-0.63550400,0.63550400,0.000000,3.14400059
0,0,650,391912.281493,0,0,1.512692266e-3,4.693953975e-4,-0.26228156,0.26228156,0.000000,3.14400059
0,0,651,392392.269628,1,1,5.532041639e-4,5.443166372e-3,0.17374430,0.17374430,0.000000,3.14400059
0,0,652,392872.257762,1,1,2.000811752e-5,7.230100614e-3,0.02384076,0.02384076,0.000000,3.14400059
0,0,653,393352.245897,1,1,1.949848495e-5,6.188903262e-3,0.15720344,0.15720344,0.000000,3.14400059
0,0,654,393832.234031,0,0,1.067296109e-3,5.203123803e-4,-0.78204999,0.78204999,0.000000,3.14400059
0,0,655,394312.222166,0,0,1.953159112e-3,2.528592285e-5,-0.93591762,0.93591762,0.000000,3.14400059
0,0,656,394792.210300,1,1,4.404614665e-4,3.432831862e-3,0.12856931,0.12856931,0.000000,3.14400059
0,0,657,395272.198435,1,1,1.308475203e-5,6.110293354e-3,0.18734160,0.18734160,0.000000,3.14400059
0,0,658,395752.186569,1,1,3.822181126e-5,7.620816019e-3,0.17804548,0.17804548,0.000000,3.14400059
0,0,659,396232.174704,0,0,3.641690165e-4,3.823801816e-4,-0.35275887,0.35275887,0.000000,3.14400059
0,0,660,396712.162838,1,1,9.908358796e-5,6.297782467e-3,0.20462138,0.20462138,0.000000,3.14400059
0,0,661,397192.150973,0,0,6.966906748e-4,8.616894381e-4,-0.88345308,0.88345308,0.000000,3.14400059
0,0,662,397672.139107,0,0,1.847013850e-3,3.117936719e-4,-0.69728637,0.69728637,0.000000,3.14400059
0,0,663,398152.127242,1,1,1.267768088e-3,6.763905626e-3,0.19993965,0.19993965,0.000000,3.14400059
1,1,0,408240.000000,1,1,7.344048627e-6,7.328848723e-3,0.86078504,0.86078504,0.000000,5.39679131
1,1,1,408720.000000,0,0,7.815553952e-4,4.943160924e-4,-0.96113274,0.96113274,0.000000,5.39679131
1,1,2,409200.000000,1,1,5.614712678e-4,8.623982817e-3,0.89187609,0.89187609,0.000000,5.39679131
1,1,3,409680.000000,0,0,1.492713686e-3,9.224675280e-4,-0.96811806,0.96811806,0.000000,5.39679131
1,1,4,410160.000000,1,1,4.801458457e-4,8.169638043e-3,0.94431371,0.94431371,0.000000,5.39679131
1,1,5,410640.000000,0,0,1.862553110e-3,6.828261158e-4,-0.94866815,0.94866815,0.000000,5.39679131
1,1,6,411120.000000,1,1,2.736701785e-4,1.012464475e-2,0.81772712,0.81772712,0.000000,5.39679131
1,1,7,411600.000000,0,0,1.840807790e-3,1.231874636e-3,-0.95537896,0.95537896,0.000000,5.39679131
1,1,8,412080.000000,1,1,1.493171718e-5,1.071424536e-2,0.85952505,0.85952505,0.000000,5.39679131
1,1,9,412560.000000,0,0,1.387695766e-3,1.449864965e-3,-0.99493669,0.99493669,0.000000,5.39679131
1,1,10,413040.000000,1,1,4.051919494e-5,9.546823830e-3,0.91187406,0.91187406,0.000000,5.39679131
1,1,11,413520.000000,0,0,1.405599834e-3,1.336709501e-3,-0.97321902,0.97321902,0.000000,5.39679131
1,1,12,414000.000000,1,1,1.384379077e-4,1.022762001e-2,0.91114293,0.91114293,0.000000,5.39679131
1,1,13,414480.000000,0,0,1.518584214e-3,1.642697623e-3,-0.97625188,0.97625188,0.000000,5.39679131
1,1,14,414960.000000,1,1,1.495455357e-4,9.100567624e-3,0.95290906,0.95290906,0.000000,5.39679131
1,1,15,415440.000000,0,0,1.620987911e-3,1.076548382e-3,-0.96957995,0.96957995,0.000000,5.39679131
1,1,16,415920.000000,1,1,1.370798122e-4,9.343341523e-3,0.94794691,0.94794691,0.000000,5.39679131
1,1,17,416400.000000,0,0,1.487318883e-3,1.103909439e-3,-0.99398452,0.99398452,0.000000,5.39679131
1,1,18,416880.000000,1,1,7.250952222e-5,8.074287433e-3,0.95340307,0.95340307,0.000000,5.39679131
1,1,19,417360.000000,0,0,1.728428940e-3,1.395263914e-3,-0.96876201,0.96876201,0.000000,5.39679131
1,1,20,417840.000000,1,1,1.052991569e-4,8.670893418e-3,0.92985206,0.92985206,0.000000,5.39679131
1,1,21,418320.000000,0,0,1.342154973e-3,1.629286604e-3,-0.97598417,0.97598417,0.000000,5.39679131
1,1,22,418800.000000,1,1,1.175760524e-4,7.586652403e-3,0.98764559,0.98764559,0.000000,5.39679131
1,1,23,419280.000000,0,0,1.839873934e-3,9.883499925e-4,-0.95843085,0.95843085,0.000000,5.39679131
1,1,24,419760.000000,1,1,9.523520488e-5,8.385407630e-3,0.97320222,0.97320222,0.000000,5.39679131
1,1,25,420240.000000,0,0,1.643382071e-3,1.285035415e-3,-0.98178931,0.98178931,0.000000,5.39679131
1,1,26,420720.000000,1,1,1.553902006e-4,8.912822867e-3,0.96425125,0.96425125,0.000000,5.39679131
1,1,27,421200.000000,0,0,1.645988354e-3,1.300369180e-3,-0.98476139,0.98476139,0.000000,5.39679131
1,1,28,421680.000000,1,1,2.353566145e-4,7.083627310e-3,0.95031457,0.95031457,0.000000,5.39679131
1,1,29,422160.000000,0,0,1.288581429e-3,1.117612178e-3,-0.98621578,0.98621578,0.000000,5.39679131
1,1,30,422640.000000,1,1,1.669370896e-4,7.593827803e-3,0.96818727,0.96818727,0.000000,5.39679131
1,1,31,423120.000000,0,0,1.328600907e-3,1.385609797e-3,-0.99730403,0.99730403,0.000000,5.39679131
1,1,32,423600.000000,1,1,2.100374764e-4,7.738214704e-3,0.96100560,0.96100560,0.000000,5.39679131
1,1,33,424080.000000,0,0,1.701240056e-3,1.068754421e-3,-0.97788940,0.97788940,0.000000,5.39679131
1,1,34,424560.000000,1,1,8.257079471e-5,7.703979481e-3,0.98673810,0.98673810,0.000000,5.39679131
1,1,35,425040.000000,0,0,1.392985758e-3,1.193257982e-3,-0.98625033,0.98625033,0.000000,5.39679131
1,1,36,425520.000000,1,1,3.021518050e-5,7.200728743e-3,0.95535804,0.95535804,0.000000,5.39679131
1,1,37,426000.000000,0,0,1.167062520e-3,1.243369336e-3,-0.95219411,0.95219411,0.000000,5.39679131
1,1,38,426480.000000,1,1,5.049328154e-5,7.673800371e-3,0.97402859,0.97402859,0.000000,5.39679131
1,1,39,426960.000000,0,0,1.381476310e-3,1.336126713e-3,-0.99926813,0.99926813,0.000000,5.39679131
1,1,40,427440.000000,1,1,1.600550868e-4,6.292009412e-3,0.99209731,0.99209731,0.000000,5.39679131
1,1,41,427920.000000,0,0,1.347185741e-3,1.050641161e-3,-0.99478766,0.99478766,0.000000,5.39679131
1,1,42,428400.000000,1,1,1.767968801e-4,5.973975381e-3,0.97287624,0.97287624,0.000000,5.39679131
1,1,43,428880.000000,0,0,1.419506737e-3,7.134818661e-4,-0.98797097,0.98797097,0.000000,5.39679131
1,1,44,429360.000000,1,1,1.590409968e-4,6.970287806e-3,0.98545484,0.98545484,0.000000,5.39679131
1,1,45,429840.000000,0,0,1.330704483e-3,1.339671797e-3,-0.98881837,0.98881837,0.000000,5.39679131
1,1,46,430320.000000,1,1,1.268188800e-4,5.599741430e-3,0.98591752,0.98591752,0.000000,5.39679131
1,1,47,430800.000000,0,0,1.347186856e-3,1.011308041e-3,-0.98692320,0.98692320,0.000000,5.39679131
1,1,48,431280.000000,1,1,1.113595272e-4,5.770890676e-3,0.96495052,0.96495052,0.000000,5.39679131
1,1,49,431760.000000,0,0,1.211022459e-3,1.344158744e-3,-0.98526997,0.98526997,0.000000,5.39679131
1,1,50,432240.000000,1,1,1.777831337e-4,6.230724703e-3,0.98093421,0.98093421,0.000000,5.39679131
1,1,51,432720.000000,0,0,1.642647960e-3,1.040365341e-3,-0.97455103,0.97455103,0.000000,5.39679131
1,1,52,433200.000000,1,1,1.589307981e-4,5.485228103e-3,0.98580373,0.98580373,0.000000,5.39679131
1,1,53,433680.000000,0,0,1.511467360e-3,1.112557445e-3,-0.98556623,0.98556623,0.000000,5.39679131
1,1,54,434160.000000,1,1,2.433961067e-4,5.047478269e-3,0.90371674,0.90371674,0.000000,5.39679131
1,1,55,434640.000000,0,0,1.011674102e-3,9.227610822e-4,-0.94369995,0.94369995,0.000000,5.39679131
1,1,56,435120.000000,1,1,1.580487530e-4,4.835411450e-3,0.94683800,0.94683800,0.000000,5.39679131
1,1,57,435600.000000,0,0,1.162754123e-3,1.364849015e-3,-0.97710200,0.97710200,0.000000,5.39679131
1,1,58,436080.000000,1,1,2.294408611e-4,4.033439409e-3,0.88939635,0.88939635,0.000000,5.39679131
1,1,59,436560.000000,0,0,1.191167769e-3,1.136374919e-3,-0.96337565,0.96337565,0.000000,5.39679131
1,1,60,437040.000000,1,1,2.685377364e-4,3.493805188e-3,0.73803647,0.73803647,0.000000,5.39679131
1,1,61,437520.000000,0,0,1.536026974e-3,8.737500474e-4,-0.97946433,0.97946433,0.000000,5.39679131
1,1,62,438000.000000,1,1,1.627568737e-4,4.143336165e-3,0.89484089,0.89484089,0.000000,5.39679131
1,1,63,438480.000000,0,0,1.126353989e-3,1.474669527e-3,-0.91677868,0.91677868,0.000000,5.39679131
1,1,64,438960.000000,1,1,9.013269088e-5,3.386339450e-3,0.87568305,0.87568305,0.000000,5.39679131
1,1,65,439440.000000,1,1,2.780012161e-4,5.224608197e-3,0.95001534,0.95001534,0.000000,5.39679131
1,1,66,439920.000000,0,0,5.197555464e-4,3.470883768e-4,-0.91822943,0.91822943,0.000000,5.39679131
1,1,67,440400.000000,1,1,6.985203459e-4,2.343359023e-3,0.89011825,0.89011825,0.000000,5.39679131
1,1,68,440880.000000,0,0,6.123515420e-4,1.130929467e-3,-0.92198115,0.92198115,0.000000,5.39679131
1,1,69,441360.000000,0,0,2.530636831e-3,1.848576072e-4,-0.96482312,0.96482312,0.000000,5.39679131
1,1,70,441840.000000,1,1,1.225110389e-3,2.192864581e-3,0.95588938,0.95588938,0.000000,5.39679131
1,1,71,442320.000000,1,1,3.330744846e-5,4.352441160e-3,0.79760082,0.79760082,0.000000,5.39679131
1,1,72,442800.000000,1,1,2.020557053e-5,4.079526185e-3,0.90057167,0.90057167,0.000000,5.39679131
1,1,73,443280.000000,0,0,4.509067614e-4,5.408819597e-4,-0.96790687,0.96790687,0.000000,5.39679131
1,1,74,443760.000000,0,0,1.856389193e-3,9.767759482e-5,-0.95891920,0.95891920,0.000000,5.39679131
1,1,75,444240.000000,1,1,8.794641998e-4,9.255914632e-4,0.80994812,0.80994812,0.000000,5.39679131
1,1,76,444720.000000,0,0,4.681743642e-4,5.976726455e-4,-0.66734538,0.66734538,0.000000,5.39679131
1,1,77,445200.000000,0,0,2.639621124e-3,1.355828830e-4,-0.97995633,0.97995633,0.000000,5.39679131
1,1,78,445680.000000,0,0,1.832283252e-3,1.580854996e-4,-0.93484756,0.93484756,0.000000,5.39679131
1,1,79,446160.000000,1,1,5.426756908e-4,1.509041357e-3,0.83106432,0.83106432,0.000000,5.39679131
1,1,80,446640.000000,0,0,7.166157288e-4,6.488022714e-4,-0.66739495,0.66739495,0.000000,5.39679131
1,1,81,447120.000000,0,0,1.520693881e-3,1.542466026e-4,-0.94983670,0.94983670,0.000000,5.39679131
1,1,82,447600.000000,0,0,1.878723497e-3,9.436074618e-5,-0.95413593,0.95413593,0.000000,5.39679131
1,1,83,448080.000000,0,0,1.493461942e-3,8.888628722e-6,-0.95400184,0.95400184,0.000000,5.39679131
1,1,84,448560.000000,0,0,2.322773843e-3,1.777567753e-5,-0.80465184,0.80465184,0.000000,5.39679131
1,1,85,449040.000000,0,0,2.726747069e-3,4.741548087e-6,-0.93684863,0.93684863,0.000000,5.39679131
1,1,86,449520.000000,0,0,2.183291756e-3,3.359963594e-5,-0.96727030,0.96727030,0.000000,5.39679131
1,1,87,450000.000000,1,1,4.164958053e-4,7.671583056e-4,0.75043246,0.75043246,0.000000,5.39679131
1,1,88,450480.000000,0,0,2.264035634e-4,4.303323821e-4,-0.78182462,0.78182462,0.000000,5.39679131
1,1,89,450960.000000,0,0,1.039568727e-3,1.026033614e-4,-0.84449359,0.84449359,0.000000,5.39679131
1,1,90,451440.000000,0,0,1.104431323e-3,5.132457260e-5,-0.69467489,0.69467489,0.000000,5.39679131
1,1,91,451920.000000,0,0,9.792858527e-4,1.741592911e-6,-0.78670106,0.78670106,0.000000,5.39679131
1,1,92,452400.000000,0,0,1.590400367e-3,9.042113943e-6,-0.62676495,0.62676495,0.000000,5.39679131
1,1,93,452880.000000,0,0,1.273174432e-3,2.099621520e-5,-0.95389026,0.95389026,0.000000,5.39679131
1,1,94,453360.000000,1,1,4.995046179e-4,7.317821066e-4,0.70782972,0.70782972,0.000000,5.39679131
1,1,95,453840.000000,0,0,1.871913126e-4,5.036339544e-4,-0.81717598,0.81717598,0.000000,5.39679131
1,1,96,454320.000000,0,0,1.008027243e-3,2.045328991e-4,-0.94303941,0.94303941,0.000000,5.39679131
1,1,97,454800.000000,0,0,1.193731121e-3,4.228794746e-5,-0.87705138,0.87705138,0.000000,5.39679131
1,1,98,455280.000000,1,1,1.395383369e-4,6.587571385e-4,0.68453444,0.68453444,0.000000,5.39679131
1,1,99,455760.000000,0,0,4.432041466e-4,4.199011653e-4,-0.61966592,0.61966592,0.000000,5.39679131
1,1,100,456240.000000,1,1,1.711412372e-4,1.570087542e-3,0.70811030,0.70811030,0.000000,5.39679131
1,1,101,456720.000000,0,0,4.412623550e-4,1.154768115e-3,-0.98585286,0.98585286,0.000000,5.39679131
1,1,102,457200.000000,1,1,2.504387980e-5,1.357256002e-3,0.78421970,0.78421970,0.000000,5.39679131
1,1,103,457680.000000,1,1,1.029230600e-4,3.311777510e-3,0.91895369,0.91895369,0.000000,5.39679131
1,1,104,458160.000000,1,1,2.831148694e-5,2.026501767e-3,0.55224991,0.55224991,0.000000,5.39679131
1,1,105,458640.000000,1,1,1.887896936e-5,1.905883482e-3,0.88412524,0.88412524,0.000000,5.39679131
1,1,106,459120.000000,0,0,8.524014371e-4,5.392099625e-4,-0.95347001,0.95347001,0.000000,5.39679131
1,1,107,459600.000000,0,0,2.620750311e-3,3.043577514e-4,-0.88955747,0.88955747,0.000000,5.39679131
1,1,108,460080.000000,1,1,1.147128263e-3,8.939841943e-4,0.89357302,0.89357302,0.000000,5.39679131
1,1,109,460560.000000,0,0,6.914178229e-4,9.601346190e-4,-0.88431922,0.88431922,0.000000,5.39679131
1,1,110,461040.000000,1,1,7.443174630e-4,1.342540603e-3,0.83795035,0.83795035,0.000000,5.39679131
1,1,111,461520.000000,1,1,1.898711193e-4,3.241065913e-3,0.76350951,0.76350951,0.000000,5.39679131
1,1,112,462000.000000,0,0,5.533868588e-4,5.063133087e-4,-0.97044272,0.97044272,0.000000,5.39679131
1,1,113,462480.000000,0,0,2.645361790e-3,2.486614994e-4,-0.94453542,0.94453542,0.000000,5.39679131
1,1,114,462960.000000,0,0,2.727599443e-3,1.610447013e-4,-0.85669518,0.85669518,0.000000,5.39679131
1,1,115,463440.000000,0,0,3.618815898e-3,3.466285500e-5,-0.88576657,0.88576657,0.000000,5.39679131
1,1,116,463920.000000,1,1,1.104329051e-3,6.278335283e-4,0.92696375,0.92696375,0.000000,5.39679131
1,1,117,464400.000000,1,1,1.036405769e-4,2.280039981e-3,0.88105809,0.88105809,0.000000,5.39679131
1,1,118,464880.000000,1,1,3.263216743e-5,2.068424291e-3,0.81832432,0.81832432,0.000000,5.39679131
1,1,119,465360.000000,0,0,2.195093954e-4,4.175700235e-4,-0.63511343,0.63511343,0.000000,5.39679131
1,1,120,465840.000000,0,0,1.836304627e-3,1.578577304e-4,-0.96401884,0.96401884,0.000000,5.39679131
1,1,121,466320.000000,0,0,2.273502934e-3,1.189812260e-4,-0.84804803,0.84804803,0.000000,5.39679131
1,1,122,466800.000000,1,1,4.429029117e-4,3.399854138e-4,0.81900421,0.81900421,0.000000,5.39679131
1,1,123,467280.000000,1,1,8.717637909e-5,1.534429820e-3,0.87687968,0.87687968,0.000000,5.39679131
1,1,124,467760.000000,1,1,2.538795707e-5,2.493083204e-3,0.90506136,0.90506136,0.000000,5.39679131
1,1,125,468240.000000,1,1,4.444343919e-5,2.183450283e-3,0.93361306,0.93361306,0.000000,5.39679131
1,1,126,468720.000000,1,1,1.071690917e-4,1.801800870e-3,0.88869375,0.88869375,0.000000,5.39679131
1,1,127,469200.000000,0,0,7.190568687e-4,5.452917029e-4,-0.83839339,0.83839339,0.000000,5.39679131
1,1,128,469680.000000,0,0,1.772076228e-3,3.898338468e-5,-0.86912551,0.86912551,0.000000,5.39679131
1,1,129,470160.000000,0,0,2.193720756e-3,6.359798408e-5,-0.93747766,0.93747766,0.000000,5.39679131
1,1,130,470640.000000,0,0,2.334370390e-3,6.048866476e-5,-0.93343217,0.93343217,0.000000,5.39679131
1,1,131,471120.000000,0,0,2.717325752e-3,5.487291798e-5,-0.94310188,0.94310188,0.000000,5.39679131
1,1,132,471600.000000,0,0,2.774506036e-3,4.277914699e-5,-0.80850550,0.80850550,0.000000,5.39679131
1,1,133,472080.000000,0,0,2.088071116e-3,5.069816417e-5,-0.88602608,0.88602608,0.000000,5.39679131
1,1,134,472560.000000,0,0,1.770184281e-3,2.959239942e-5,-0.88773057,0.88773057,0.000000,5.39679131
1,1,135,473040.000000,0,0,1.547110835e-3,9.622581602e-6,-0.96065351,0.96065351,0.000000,5.39679131
1,1,136,473520.000000,0,0,1.491294979e-3,5.728564197e-5,-0.95687360,0.95687360,0.000000,5.39679131
1,1,137,474000.000000,0,0,1.074468276e-3,4.180534420e-5,-0.78467470,0.78467470,0.000000,5.39679131
1,1,138,474480.000000,0,0,9.633986299e-4,6.490307331e-6,-0.71793116,0.71793116,0.000000,5.39679131
1,1,139,474960.000000,0,0,1.313497320e-3,9.401225058e-6,-0.96442028,0.96442028,0.000000,5.39679131
1,1,140,475440.000000,0,0,1.307395380e-3,7.865523937e-6,-0.96361838,0.96361838,0.000000,5.39679131
1,1,141,475920.000000,0,0,1.306315175e-3,4.238974706e-7,-0.97833980,0.97833980,0.000000,5.39679131
1,1,142,476400.000000,0,0,1.520192924e-3,8.931901903e-7,-0.97468026,0.97468026,0.000000,5.39679131
1,1,143,476880.000000,0,0,1.594103453e-3,1.896608634e-6,-0.97290443,0.97290443,0.000000,5.39679131
1,1,144,477360.000000,0,0,1.443030247e-3,8.825658114e-8,-0.96332987,0.96332987,0.000000,5.39679131
1,1,145,477840.000000,0,0,1.342520450e-3,2.718533667e-6,-0.93948135,0.93948135,0.000000,5.39679131
1,1,146,478320.000000,0,0,1.422913835e-3,1.451696101e-6,-0.97057432,0.97057432,0.000000,5.39679131
1,1,147,478800.000000,0,0,1.095345246e-3,7.445835381e-7,-0.92525947,0.92525947,0.000000,5.39679131
1,1,148,479280.000000,0,0,1.295852541e-3,1.983494648e-6,-0.99095770,0.99095770,0.000000,5.39679131
1,1,149,479760.000000,0,0,1.253885614e-3,2.872071198e-7,-0.97994589,0.97994589,0.000000,5.39679131
1,1,150,480240.000000,0,0,1.379751350e-3,8.587058168e-7,-0.99766994,0.99766994,0.000000,5.39679131
1,1,151,480720.000000,0,0,1.240491067e-3,5.361495923e-7,-0.98410954,0.98410954,0.000000,5.39679131
1,1,152,481200.000000,0,0,1.336225457e-3,1.448399774e-6,-0.99594726,0.99594726,0.000000,5.39679131
1,1,153,481680.000000,0,0,1.279917807e-3,7.600798426e-7,-0.98635213,0.98635213,0.000000,5.39679131
1,1,154,482160.000000,0,0,1.132802343e-3,4.730560330e-6,-0.96751463,0.96751463,0.000000,5.39679131
1,1,155,482640.000000,1,1,2.878283581e-4,9.625281725e-5,0.60471087,0.60471087,0.000000,5.39679131
1,1,156,483120.000000,0,0,1.527781748e-4,1.746575646e-4,-0.79573606,0.79573606,0.000000,5.39679131
1,1,157,483600.000000,0,0,8.989433204e-4,1.608082653e-4,-0.90022183,0.90022183,0.000000,5.39679131
1,1,158,484080.000000,0,0,7.504153099e-4,2.799782495e-5,-0.70342871,0.70342871,0.000000,5.39679131
1,1,159,484560.000000,1,1,2.257719155e-4,2.218319690e-4,0.77913013,0.77913013,0.000000,5.39679131
1,1,160,485040.000000,0,0,4.182883131e-4,5.121511624e-4,-0.67240215,0.67240215,0.000000,5.39679131
1,1,161,485520.000000,1,1,1.882947369e-4,8.056858159e-4,0.71843288,0.71843288,0.000000,5.39679131
1,1,162,486000.000000,0,0,6.092767119e-4,8.361102632e-4,-0.91260912,0.91260912,0.000000,5.39679131
1,1,163,486480.000000,0,0,1.383605398e-3,5.321630778e-4,-0.97778235,0.97778235,0.000000,5.39679131
1,1,164,486960.000000,1,1,1.393957690e-3,7.281675520e-4,0.80623285,0.80623285,0.000000,5.39679131
1,1,165,487440.000000,0,0,5.234895536e-4,7.322329281e-4,-0.88701991,0.88701991,0.000000,5.39679131
1,1,166,487920.000000,0,0,2.826348511e-3,2.698107053e-4,-0.88347023,0.88347023,0.000000,5.39679131
1,1,167,488400.000000,0,0,2.362150918e-3,5.638812007e-5,-0.85742497,0.85742497,0.000000,5.39679131
1,1,168,488880.000000,0,0,2.685271014e-3,1.368107836e-5,-0.79197804,0.79197804,0.000000,5.39679131
1,1,169,489360.000000,1,1,1.119159065e-3,6.296126610e-4,0.90519598,0.90519598,0.000000,5.39679131
1,1,170,489840.000000,1,1,9.747000292e-5,1.818412420e-3,0.88268668,0.88268668,0.000000,5.39679131
1,1,171,490320.000000,0,0,1.119568972e-3,1.840722366e-4,-0.82720778,0.82720778,0.000000,5.39679131
1,1,172,490800.000000,0,0,1.537423917e-3,3.207327986e-4,-0.93099438,0.93099438,0.000000,5.39679131
1,1,173,491280.000000,1,1,3.663625228e-4,6.608211853e-4,0.95463305,0.95463305,0.000000,5.39679131
1,1,174,491760.000000,0,0,7.336253675e-4,5.793603148e-4,-0.76639037,0.76639037,0.000000,5.39679131
1,1,175,492240.000000,1,1,2.978303418e-4,1.121030235e-3,0.93839426,0.93839426,0.000000,5.39679131
1,1,176,492720.000000,0,0,7.687340102e-4,1.178719537e-3,-0.94659300,0.94659300,0.000000,5.39679131
1,1,177,493200.000000,1,1,1.913510408e-4,1.139969803e-3,0.90479023,0.90479023,0.000000,5.39679131
1,1,178,493680.000000,1,1,1.188939814e-4,2.761455522e-3,0.89030902,0.89030902,0.000000,5.39679131
1,1,179,494160.000000,0,0,8.231482072e-4,2.869812684e-4,-0.97665432,0.97665432,0.000000,5.39679131
1,1,180,494640.000000,1,1,8.336444267e-4,8.727357469e-4,0.81167407,0.81167407,0.000000,5.39679131
1,1,181,495120.000000,1,1,6.581493869e-5,2.056420010e-3,0.91151099,0.91151099,0.000000,5.39679131
1,1,182,495600.000000,0,0,8.416976818e-4,3.922000000e-4,-0.92994638,0.92994638,0.000000,5.39679131
1,1,183,496080.000000,0,0,2.586649253e-3,4.737564561e-4,-0.93707675,0.93707675,0.000000,5.39679131
1,1,184,496560.000000,0,0,2.251000392e-3,2.344544932e-4,-0.90071958,0.90071958,0.000000,5.39679131
1,1,185,497040.000000,1,1,8.574112490e-4,4.935287421e-4,0.96352599,0.96352599,0.000000,5.39679131
1,1,186,497520.000000,1,1,2.046243644e-4,2.096841059e-3,0.97742141,0.97742141,0.000000,5.39679131
1,1,187,498000.000000,0,0,5.935563445e-4,6.950227881e-4,-0.79650093,0.79650093,0.000000,5.39679131
1,1,188,498480.000000,1,1,2.428788693e-4,6.284882636e-4,0.86736358,0.86736358,0.000000,5.39679131
1,1,189,498960.000000,1,1,1.138133301e-4,2.119236156e-3,0.96426680,0.96426680,0.000000,5.39679131
1,1,190,499440.000000,0,0,9.351833176e-4,3.658985291e-4,-0.79913840,0.79913840,0.000000,5.39679131
1,1,191,499920.000000,0,0,3.115224627e-3,6.548137982e-5,-0.89697942,0.89697942,0.000000,5.39679131
1,1,192,500400.000000,0,0,2.902570917e-3,1.255041666e-4,-0.83140940,0.83140940,0.000000,5.39679131
1,1,193,500880.000000,1,1,8.398296453e-4,5.609957618e-4,0.97374851,0.97374851,0.000000,5.39679131
1,1,194,501360.000000,1,1,3.826057208e-4,2.149303568e-3,0.88299956,0.88299956,0.000000,5.39679131
1,1,195,501840.000000,0,0,6.754739166e-4,4.300061116e-4,-0.94357375,0.94357375,0.000000,5.39679131
1,1,196,502320.000000,1,1,4.208498845e-4,1.099255373e-3,0.88326200,0.88326200,0.000000,5.39679131
1,1,197,502800.000000,1,1,9.647872797e-5,2.144890866e-3,0.87922574,0.87922574,0.000000,5.39679131
1,1,198,503280.000000,1,1,4.301817920e-5,1.544644138e-3,0.94991606,0.94991606,0.000000,5.39679131
1,1,199,503760.000000,1,1,5.906430710e-6,1.687876954e-3,0.93932411,0.93932411,0.000000,5.39679131
1,1,200,504240.000000,0,0,7.352829768e-4,6.072296605e-4,-0.98092700,0.98092700,0.000000,5.39679131
1,1,201,504720.000000,0,0,2.390337957e-3,3.104387959e-4,-0.86891969,0.86891969,0.000000,5.39679131
1,1,202,505200.000000,1,1,7.420585403e-4,1.013101227e-3,0.98692677,0.98692677,0.000000,5.39679131
1,1,203,505680.000000,0,0,8.084794298e-4,9.395672534e-4,-0.98067997,0.98067997,0.000000,5.39679131
1,1,204,506160.000000,0,0,2.545125086e-3,2.505582442e-4,-0.95518728,0.95518728,0.000000,5.39679131
1,1,205,506640.000000,0,0,1.871777027e-3,3.209872561e-4,-0.90416766,0.90416766,0.000000,5.39679131
1,1,206,507120.000000,0,0,2.202628942e-3,5.531879451e-5,-0.93020360,0.93020360,0.000000,5.39679131
1,1,207,507600.000000,0,0,2.631460072e-3,2.867822133e-5,-0.96582238,0.96582238,0.000000,5.39679131
1,1,208,508080.000000,0,0,1.959866263e-3,6.760857155e-5,-0.88738419,0.88738419,0.000000,5.39679131
1,1,209,508560.000000,1,1,9.735718717e-4,1.412379192e-4,0.66512533,0.66512533,0.000000,5.39679131
1,1,210,509040.000000,0,0,1.327341054e-4,4.434429105e-4,-0.32242292,0.32242292,0.000000,5.39679131
1,1,211,509520.000000,1,1,1.483001588e-5,8.083204464e-4,0.83165444,0.83165444,0.000000,5.39679131
1,1,212,510000.000000,0,0,2.493753685e-4,8.282133095e-4,-0.83033545,0.83033545,0.000000,5.39679131
1,1,213,510480.000000,0,0,1.022061643e-3,2.706248392e-4,-0.77703522,0.77703522,0.000000,5.39679131
1,1,214,510960.000000,1,1,7.150313572e-4,7.275650669e-4,0.93528508,0.93528508,0.000000,5.39679131
1,1,215,511440.000000,1,1,1.781868299e-5,1.776228398e-3,0.85121899,0.85121899,0.000000,5.39679131
1,1,216,511920.000000,0,0,7.809007733e-4,3.172291635e-4,-0.93771721,0.93771721,0.000000,5.39679131
1,1,217,512400.000000,1,1,2.639581714e-4,1.451778971e-3,0.95890814,0.95890814,0.000000,5.39679131
1,1,218,512880.000000,1,1,2.497761502e-5,2.484956456e-3,0.87920613,0.87920613,0.000000,5.39679131
1,1,219,513360.000000,0,0,8.076243188e-4,3.193326767e-4,-0.80713235,0.80713235,0.000000,5.39679131
1,1,220,513840.000000,1,1,4.912587195e-4,1.767300104e-3,0.97846586,0.97846586,0.000000,5.39679131
1,1,221,514320.000000,1,1,7.576031190e-5,2.557257786e-3,0.92446875,0.92446875,0.000000,5.39679131
1,1,222,514800.000000,1,1,3.565445563e-5,2.076344273e-3,0.96256568,0.96256568,0.000000,5.39679131
1,1,223,515280.000000,1,1,4.366688295e-6,2.869035559e-3,0.96142901,0.96142901,0.000000,5.39679131
1,1,224,515760.000000,0,0,8.822150471e-4,5.441969267e-4,-0.97092506,0.97092506,0.000000,5.39679131
1,1,225,516240.000000,1,1,5.824925259e-4,9.063734493e-4,0.87068585,0.87068585,0.000000,5.39679131
1,1,226,516720.000000,1,1,8.675891227e-5,2.922614295e-3,0.96113375,0.96113375,0.000000,5.39679131
1,1,227,517200.000000,0,0,1.090507717e-3,5.167751089e-4,-0.95326252,0.95326252,0.000000,5.39679131
1,1,228,517680.000000,1,1,7.719647742e-4,1.276190090e-3,0.92955280,0.92955280,0.000000,5.39679131
1,1,229,518160.000000,1,1,5.232779473e-5,3.590865793e-3,0.95951495,0.95951495,0.000000,5.39679131
1,1,230,518640.000000,1,1,5.531629476e-6,1.705912064e-3,0.97165100,0.97165100,0.000000,5.39679131
1,1,231,519120.000000,0,0,1.235745204e-3,6.521250790e-4,-0.91735233,0.91735233,0.000000,5.39679131
1,1,232,519600.000000,0,0,2.202522976e-3,7.468831059e-5,-0.92206257,0.92206257,0.000000,5.39679131
1,1,233,520080.000000,1,1,9.469179353e-4,5.200594081e-4,0.97535302,0.97535302,0.000000,5.39679131
1,1,234,520560.000000,1,1,7.774546942e-5,1.524199681e-3,0.93561200,0.93561200,0.000000,5.39679131
1,1,235,521040.000000,0,0,7.565996870e-4,8.010310894e-4,-0.93254393,0.93254393,0.000000,5.39679131
1,1,236,521520.000000,1,1,3.195424103e-4,4.911039428e-4,0.87662903,0.87662903,0.000000,5.39679131
1,1,237,522000.000000,0,0,3.972064886e-4,1.087802939e-3,-0.92601904,0.92601904,0.000000,5.39679131
1,1,238,522480.000000,0,0,2.134548782e-3,4.295016993e-4,-0.89682124,0.89682124,0.000000,5.39679131
1,1,239,522960.000000,1,1,1.121031450e-3,6.544934295e-4,0.95535683,0.95535683,0.000000,5.39679131
1,1,240,523440.000000,0,0,5.491185967e-4,8.115053700e-4,-0.99029756,0.99029756,0.000000,5.39679131
1,1,241,523920.000000,1,1,3.658021396e-4,9.668284596e-4,0.94636109,0.94636109,0.000000,5.39679131
1,1,242,524400.000000,1,1,1.451885228e-4,2.808504926e-3,0.95371805,0.95371805,0.000000,5.39679131
1,1,243,524880.000000,0,0,9.482439785e-4,1.858285126e-4,-0.93518495,0.93518495,0.000000,5.39679131
1,1,244,525360.000000,0,0,2.600276413e-3,2.782923696e-4,-0.97934427,0.97934427,0.000000,5.39679131
1,1,245,525840.000000,0,0,2.233029007e-3,8.439764581e-5,-0.96057518,0.96057518,0.000000,5.39679131
1,1,246,526320.000000,1,1,9.808509082e-4,2.443897904e-4,0.88586482,0.88586482,0.000000,5.39679131
1,1,247,526800.000000,1,1,2.327954439e-4,1.473305425e-3,0.97358169,0.97358169,0.000000,5.39679131
1,1,248,527280.000000,0,0,4.444262470e-4,6.126845503e-4,-0.89246131,0.89246131,0.000000,5.39679131
1,1,249,527760.000000,1,1,2.710975389e-4,7.824125549e-4,0.88611616,0.88611616,0.000000,5.39679131
1,1,250,528240.000000,0,0,2.745468168e-4,1.163392413e-3,-0.77792261,0.77792261,0.000000,5.39679131
1,1,251,528720.000000,0,0,2.071019284e-3,8.518393351e-5,-0.87660512,0.87660512,0.000000,5.39679131
1,1,252,529200.000000,1,1,1.051738644e-3,2.226620696e-4,0.72805607,0.72805607,0.000000,5.39679131
1,1,253,529680.000000,1,1,2.376136247e-5,1.120859121e-3,0.78680039,0.78680039,0.000000,5.39679131
1,1,254,530160.000000,0,0,1.115280184e-3,1.851375895e-4,-0.85768986,0.85768986,0.000000,5.39679131
1,1,255,530640.000000,0,0,2.179714699e-3,6.469657181e-4,-0.89090872,0.89090872,0.000000,5.39679131
1,1,256,531120.000000,0,0,3.107442272e-3,1.913274573e-4,-0.83675034,0.83675034,0.000000,5.39679131
1,1,257,531600.000000,1,1,7.406162099e-4,1.585155177e-4,0.85987359,0.85987359,0.000000,5.39679131
1,1,258,532080.000000,1,1,1.670062944e-4,4.634990370e-4,0.90863313,0.90863313,0.000000,5.39679131
1,1,259,532560.000000,0,0,6.904714613e-4,5.293436235e-4,-0.93372639,0.93372639,0.000000,5.39679131
1,1,260,533040.000000,1,1,2.131871217e-4,1.186519594e-3,0.79325029,0.79325029,0.000000,5.39679131
1,1,261,533520.000000,0,0,3.964789591e-4,8.614621012e-4,-0.46984883,0.46984883,0.000000,5.39679131
1,1,262,534000.000000,0,0,1.817165905e-3,8.362746989e-5,-0.81434400,0.81434400,0.000000,5.39679131
1,1,263,534480.000000,1,1,1.215044800e-3,1.799670874e-4,0.82669251,0.82669251,0.000000,5.39679131
1,1,264,534960.000000,0,0,5.382023634e-4,6.024545850e-4,-0.98766006,0.98766006,0.000000,5.39679131
1,1,265,535440.000000,1,1,3.214608208e-4,1.872717354e-3,0.82712852,0.82712852,0.000000,5.39679131
1,1,266,535920.000000,1,1,1.060950226e-4,5.347169300e-4,0.86602608,0.86602608,0.000000,5.39679131
1,1,267,536400.000000,0,0,8.442922717e-4,4.516158190e-4,-0.97046576,0.97046576,0.000000,5.39679131
1,1,268,536880.000000,1,1,7.295980842e-4,2.712599163e-3,0.75130916,0.75130916,0.000000,5.39679131
1,1,269,537360.000000,1,1,1.182058979e-4,5.351147849e-4,0.88714788,0.88714788,0.000000,5.39679131
1,1,270,537840.000000,1,1,4.209949893e-6,5.674989547e-4,0.84466798,0.84466798,0.000000,5.39679131
1,1,271,538320.000000,0,0,1.000613092e-3,4.819591775e-4,-0.78609688,0.78609688,0.000000,5.39679131
1,1,272,538800.000000,0,0,2.507468189e-3,9.812240163e-5,-0.90301460,0.90301460,0.000000,5.39679131
1,1,273,539280.000000,1,1,1.259092096e-3,1.035230777e-3,0.53861313,0.53861313,0.000000,5.39679131
1,1,274,539760.000000,1,1,7.363070873e-5,6.318651848e-4,0.88209566,0.88209566,0.000000,5.39679131
1,1,275,540240.000000,0,0,1.072045422e-3,7.882893912e-4,-0.86571759,0.86571759,0.000000,5.39679131
1,1,276,540720.000000,1,1,4.889865386e-4,1.706080010e-3,0.75259882,0.75259882,0.000000,5.39679131
1,1,277,541200.000000,0,0,3.318780613e-4,1.399830010e-3,-0.67659108,0.67659108,0.000000,5.39679131
1,1,278,541680.000000,1,1,3.297804247e-4,2.052735474e-3,0.84926697,0.84926697,0.000000,5.39679131
1,1,279,542160.000000,1,1,2.988994351e-4,7.176075200e-4,0.79176559,0.79176559,0.000000,5.39679131
1,1,280,542640.000000,0,0,1.165131739e-3,4.336804131e-4,-0.88267057,0.88267057,0.000000,5.39679131
1,1,281,543120.000000,0,0,3.330654906e-3,2.419346860e-4,-0.84653102,0.84653102,0.000000,5.39679131
1,1,282,543600.000000,0,0,2.868923204e-3,1.258919061e-4,-0.86431763,0.86431763,0.000000,5.39679131
1,1,283,544080.000000,0,0,3.989367296e-3,2.157197160e-4,-0.78863381,0.78863381,0.000000,5.39679131
1,1,284,544560.000000,1,1,1.509479892e-3,7.866641686e-4,0.78986198,0.78986198,0.000000,5.39679131
1,1,285,545040.000000,1,1,2.179903759e-4,4.861302192e-4,0.79900030,0.79900030,0.000000,5.39679131
1,1,286,545520.000000,0,0,6.355705137e-4,4.460012247e-4,-0.67663226,0.67663226,0.000000,5.39679131
1,1,287,546000.000000,1,1,1.271879242e-4,2.131076228e-3,0.79052454,0.79052454,0.000000,5.39679131
1,1,288,546480.000000,0,0,4.695393456e-4,1.311738519e-3,-0.77290744,0.77290744,0.000000,5.39679131
1,1,289,546960.000000,0,0,2.141537129e-3,8.744762151e-5,-0.78675244,0.78675244,0.000000,5.39679131
1,1,290,547440.000000,0,0,2.809905199e-3,6.317876241e-5,-0.82632853,0.82632853,0.000000,5.39679131
1,1,291,547920.000000,0,0,2.271990212e-3,7.758758593e-6,-0.96003574,0.96003574,0.000000,5.39679131
1,1,292,548400.000000,1,1,1.206424497e-3,8.055705304e-4,0.89631042,0.89631042,0.000000,5.39679131
1,1,293,548880.000000,0,0,3.605607469e-4,5.297101144e-4,-0.84148451,0.84148451,0.000000,5.39679131
1,1,294,549360.000000,1,1,2.087463865e-4,1.639678937e-3,0.87334345,0.87334345,0.000000,5.39679131
1,1,295,549840.000000,0,0,2.872536354e-4,8.902415253e-4,-0.71223048,0.71223048,0.000000,5.39679131
1,1,296,550320.000000,1,1,2.260504675e-5,1.772995905e-3,0.82229855,0.82229855,0.000000,5.39679131
1,1,297,550800.000000,0,0,9.735743047e-4,1.081359506e-3,-0.81094843,0.81094843,0.000000,5.39679131
1,1,298,551280.000000,0,0,2.394517515e-3,1.418435942e-4,-0.93700297,0.93700297,0.000000,5.39679131
1,1,299,551760.000000,0,0,4.002063700e-3,3.354758996e-5,-0.84269476,0.84269476,0.000000,5.39679131
1,1,300,552240.000000,0,0,2.974295009e-3,1.236900709e-5,-0.87046357,0.87046357,0.000000,5.39679131
1,1,301,552720.000000,0,0,4.095855726e-3,1.317457385e-4,-0.82162456,0.82162456,0.000000,5.39679131
1,1,302,553200.000000,0,0,3.008393791e-3,2.977086486e-5,-0.89362574,0.89362574,0.000000,5.39679131
1,1,303,553680.000000,1,1,1.135045416e-3,7.581614032e-4,0.70781032,0.70781032,0.000000,5.39679131
1,1,304,554160.000000,0,0,1.981147681e-4,6.826642318e-4,-0.36630385,0.36630385,0.000000,5.39679131
1,1,305,554640.000000,0,0,1.292044700e-3,1.948001608e-4,-0.68534464,0.68534464,0.000000,5.39679131
1,1,306,555120.000000,0,0,1.659259638e-3,4.589510409e-5,-0.91002100,0.91002100,0.000000,5.39679131
1,1,307,555600.000000,1,1,3.064008128e-4,5.630949106e-4,0.86942811,0.86942811,0.000000,5.39679131
1,1,308,556080.000000,0,0,7.194401461e-4,6.287815352e-4,-0.81586502,0.81586502,0.000000,5.39679131
1,1,309,556560.000000,1,1,3.577984366e-4,2.081584527e-3,0.79424088,0.79424088,0.000000,5.39679131
1,1,310,557040.000000,1,1,3.326327242e-5,3.467116745e-4,0.88766577,0.88766577,0.000000,5.39679131
1,1,311,557520.000000,0,0,1.186198558e-3,8.238309023e-5,-0.95584237,0.95584237,0.000000,5.39679131
1,1,312,558000.000000,0,0,2.109962234e-3,3.683235653e-4,-0.65082596,0.65082596,0.000000,5.39679131
1,1,313,558480.000000,1,1,4.626284924e-4,4.521470035e-4,0.95524826,0.95524826,0.000000,5.39679131
1,1,314,558960.000000,1,1,7.559953263e-5,1.800312447e-4,0.94929977,0.94929977,0.000000,5.39679131
1,1,315,559440.000000,0,0,7.934515138e-4,4.075223492e-4,-0.89805524,0.89805524,0.000000,5.39679131
1,1,316,559920.000000,1,1,3.124760804e-4,1.766235730e-3,0.96981234,0.96981234,0.000000,5.39679131
1,1,317,560400.000000,1,1,3.556588736e-5,3.114487914e-4,0.93642360,0.93642360,0.000000,5.39679131
1,1,318,560880.000000,1,1,7.593924363e-5,1.424067108e-3,0.90118102,0.90118102,0.000000,5.39679131
1,1,319,561360.000000,1,1,1.089292064e-6,9.444089240e-4,0.97877635,0.97877635,0.000000,5.39679131
1,1,320,561840.000000,1,1,2.931288787e-5,4.889121492e-4,0.83231717,0.83231717,0.000000,5.39679131
1,1,321,562320.000000,0,0,8.344434790e-4,5.551525674e-4,-0.70523287,0.70523287,0.000000,5.39679131
1,1,322,562800.000000,1,1,3.109971976e-4,1.795319054e-3,0.94931197,0.94931197,0.000000,5.39679131
1,1,323,563280.000000,0,0,9.604616286e-4,1.409619506e-3,-0.92851144,0.92851144,0.000000,5.39679131
1,1,324,563760.000000,1,1,5.549291950e-4,2.358718478e-3,0.93247615,0.93247615,0.000000,5.39679131
1,1,325,564240.000000,1,1,1.408978812e-4,1.135380173e-3,0.96224048,0.96224048,0.000000,5.39679131
1,1,326,564720.000000,1,1,6.357989017e-5,8.175175058e-4,0.93352809,0.93352809,0.000000,5.39679131
1,1,327,565200.000000,1,1,3.411964968e-5,1.170393618e-3,0.97149385,0.97149385,0.000000,5.39679131
