strategy,file_bytes,window,data_loss,feedback_loss,retry_limit,first_seed,trials,successful,failed,completion_rate,receiver_committed,sender_confirmed,data_frames,metadata_frames,control_frames,complete_frames,retransmitted_data,timeouts,retries,retry_exhausted,delivered_frames,unique_data_packets,dropped_frames,crc_rejects,half_duplex_rejects,useful_bytes,on_air_bits,modulation_seconds,guard_seconds,elapsed_seconds,mean_seconds,mean_retransmissions,mean_control_frames,goodput_bytes_per_second,attempted_throughput_bits_per_second,overhead_fraction,timeout_ms,turnaround_ms,delay_ms,jitter_ms,corruption,duplication
one_way,1024,0,0.000000,0.000000,8,1,1000,1000,0,1.000000,1000,0,4000,1000,0,0,0,0,0,0,5000,4000,0,0,0,1024000,9632000,96320.000,1200.000,97520.000,97.520000,0.000000,0.000000,10.500410,98.769483,0.149502,40000,300,10,0,0.000000,0.000000
stop_and_wait,1024,1,0.000000,0.000000,8,1,1000,1000,0,1.000000,1000,1000,4000,1000,11000,1000,0,0,0,0,15000,4000,0,0,0,1024000,13304000,133040.000,11400.000,142540.000,142.540000,0.000000,11.000000,7.183948,93.335204,0.384245,40000,300,10,0,0.000000,0.000000
selective_repeat,1024,4,0.000000,0.000000,8,1,1000,1000,0,1.000000,1000,1000,4000,1000,5000,1000,0,0,0,0,9000,4000,0,0,0,1024000,11432000,114320.000,5400.000,118960.000,118.960000,0.000000,5.000000,8.607935,96.099529,0.283415,40000,300,10,0,0.000000,0.000000
selective_repeat,1024,8,0.000000,0.000000,8,1,1000,1000,0,1.000000,1000,1000,4000,1000,5000,1000,0,0,0,0,9000,4000,0,0,0,1024000,11432000,114320.000,5400.000,118960.000,118.960000,0.000000,5.000000,8.607935,96.099529,0.283415,40000,300,10,0,0.000000,0.000000
selective_repeat,1024,16,0.000000,0.000000,8,1,1000,1000,0,1.000000,1000,1000,4000,1000,5000,1000,0,0,0,0,9000,4000,0,0,0,1024000,11432000,114320.000,5400.000,118960.000,118.960000,0.000000,5.000000,8.607935,96.099529,0.283415,40000,300,10,0,0.000000,0.000000
stop_and_wait,1024,1,0.000000,0.010000,8,1,1000,1000,0,1.000000,1000,1000,4000,1000,11138,1011,0,96,96,0,15042,4000,108,0,0,1024000,13349008,133490.080,11538.000,146788.960,146.788960,0.000000,11.138000,6.976001,90.940136,0.386321,40000,300,10,0,0.000000,0.000000
selective_repeat,1024,4,0.000000,0.010000,8,1,1000,1000,0,1.000000,1000,1000,4000,1000,5036,1004,0,25,25,0,9011,4000,41,0,0,1024000,11444032,114440.320,5436.000,120066.500,120.066500,0.000000,5.036000,8.528607,95.314113,0.284168,40000,300,10,0,0.000000,0.000000
selective_repeat,1024,8,0.000000,0.010000,8,1,1000,1000,0,1.000000,1000,1000,4000,1000,5036,1004,0,25,25,0,9011,4000,41,0,0,1024000,11444032,114440.320,5436.000,120066.500,120.066500,0.000000,5.036000,8.528607,95.314113,0.284168,40000,300,10,0,0.000000,0.000000
selective_repeat,1024,16,0.000000,0.010000,8,1,1000,1000,0,1.000000,1000,1000,4000,1000,5036,1004,0,25,25,0,9011,4000,41,0,0,1024000,11444032,114440.320,5436.000,120066.500,120.066500,0.000000,5.036000,8.528607,95.314113,0.284168,40000,300,10,0,0.000000,0.000000
stop_and_wait,1024,1,0.000000,0.020000,8,1,1000,1000,0,1.000000,1000,1000,4000,1000,11272,1022,0,189,189,0,15083,4000,212,0,0,1024000,13392800,133928.000,11672.000,150905.140,150.905140,0.000000,11.272000,6.785720,88.749793,0.388328,40000,300,10,0,0.000000,0.000000
selective_repeat,1024,4,0.000000,0.020000,8,1,1000,1000,0,1.000000,1000,1000,4000,1000,5086,1009,0,62,62,0,9024,4000,95,0,0,1024000,11460528,114605.280,5486.000,121704.120,121.704120,0.000000,5.086000,8.413848,94.167133,0.285199,40000,300,10,0,0.000000,0.000000
selective_repeat,1024,8,0.000000,0.020000,8,1,1000,1000,0,1.000000,1000,1000,4000,1000,5086,1009,0,62,62,0,9024,4000,95,0,0,1024000,11460528,114605.280,5486.000,121704.120,121.704120,0.000000,5.086000,8.413848,94.167133,0.285199,40000,300,10,0,0.000000,0.000000
selective_repeat,1024,16,0.000000,0.020000,8,1,1000,1000,0,1.000000,1000,1000,4000,1000,5086,1009,0,62,62,0,9024,4000,95,0,0,1024000,11460528,114605.280,5486.000,121704.120,121.704120,0.000000,5.086000,8.413848,94.167133,0.285199,40000,300,10,0,0.000000,0.000000
stop_and_wait,1024,1,0.000000,0.050000,8,1,1000,1000,0,1.000000,1000,1000,4000,1000,11815,1058,0,548,548,0,15267,4000,594,0,0,1024000,13568632,135686.320,12215.000,166794.480,166.794480,0.000000,11.815000,6.139292,81.349407,0.396255,40000,300,10,0,0.000000,0.000000
selective_repeat,1024,4,0.000000,0.050000,8,1,1000,1000,0,1.000000,1000,1000,4000,1000,5304,1050,0,201,201,0,9103,4000,254,0,0,1024000,11538080,115380.800,5704.000,127856.260,127.856260,0.000000,5.304000,8.008994,90.242590,0.290003,40000,300,10,0,0.000000,0.000000
selective_repeat,1024,8,0.000000,0.050000,8,1,1000,1000,0,1.000000,1000,1000,4000,1000,5304,1050,0,201,201,0,9103,4000,254,0,0,1024000,11538080,115380.800,5704.000,127856.260,127.856260,0.000000,5.304000,8.008994,90.242590,0.290003,40000,300,10,0,0.000000,0.000000
selective_repeat,1024,16,0.000000,0.050000,8,1,1000,1000,0,1.000000,1000,1000,4000,1000,5304,1050,0,201,201,0,9103,4000,254,0,0,1024000,11538080,115380.800,5704.000,127856.260,127.856260,0.000000,5.304000,8.008994,90.242590,0.290003,40000,300,10,0,0.000000,0.000000
stop_and_wait,1024,1,0.000000,0.100000,8,1,1000,1000,0,1.000000,1000,1000,4000,1000,12772,1115,0,1185,1185,0,15587,4000,1286,0,0,1024000,13876736,138767.360,13172.000,194988.100,194.988100,0.000000,12.772000,5.251603,71.167092,0.409659,40000,300,10,0,0.000000,0.000000
selective_repeat,1024,4,0.000000,0.100000,8,1,1000,1000,0,1.000000,1000,1000,4000,1000,5675,1108,0,461,461,0,9214,4000,562,0,0,1024000,11666296,116662.960,6075.000,139363.860,139.363860,0.000000,5.675000,7.347672,83.711057,0.297806,40000,300,10,0,0.000000,0.000000
selective_repeat,1024,8,0.000000,0.100000,8,1,1000,1000,0,1.000000,1000,1000,4000,1000,5675,1108,0,461,461,0,9214,4000,562,0,0,1024000,11666296,116662.960,6075.000,139363.860,139.363860,0.000000,5.675000,7.347672,83.711057,0.297806,40000,300,10,0,0.000000,0.000000
selective_repeat,1024,16,0.000000,0.100000,8,1,1000,1000,0,1.000000,1000,1000,4000,1000,5675,1108,0,461,461,0,9214,4000,562,0,0,1024000,11666296,116662.960,6075.000,139363.860,139.363860,0.000000,5.675000,7.347672,83.711057,0.297806,40000,300,10,0,0.000000,0.000000
one_way,1024,0,0.010000,0.000000,8,1,1000,956,44,0.956000,956,0,4000,1000,0,0,0,0,0,0,4955,3966,45,0,0,978944,9632000,96320.000,1200.000,97520.000,97.520000,0.000000,0.000000,10.038392,98.769483,0.186924,40000,300,10,0,0.000000,0.000000
stop_and_wait,1024,1,0.010000,0.000000,8,1,1000,1000,0,1.000000,1000,1000,4043,1011,11108,1000,43,0,54,0,15108,4000,54,0,0,1024000,13441408,134414.080,11518.800,144012.360,144.012360,0.043000,11.108000,7.110501,93.335100,0.390540,40000,300,10,0,0.000000,0.000000
selective_repeat,1024,4,0.010000,0.000000,8,1,1000,1000,0,1.000000,1000,1000,4036,1011,5094,1000,36,0,47,0,9094,4000,47,0,0,1024000,11549360,115493.600,5503.400,120219.140,120.219140,0.036000,5.094000,8.517778,96.069228,0.290697,40000,300,10,0,0.000000,0.000000
selective_repeat,1024,8,0.010000,0.000000,8,1,1000,1000,0,1.000000,1000,1000,4036,1011,5094,1000,36,0,47,0,9094,4000,47,0,0,1024000,11549360,115493.600,5503.400,120219.140,120.219140,0.036000,5.094000,8.517778,96.069228,0.290697,40000,300,10,0,0.000000,0.000000
selective_repeat,1024,16,0.010000,0.000000,8,1,1000,1000,0,1.000000,1000,1000,4036,1011,5094,1000,36,0,47,0,9094,4000,47,0,0,1024000,11549360,115493.600,5503.400,120219.140,120.219140,0.036000,5.094000,8.517778,96.069228,0.290697,40000,300,10,0,0.000000,0.000000
stop_and_wait,1024,1,0.010000,0.010000,8,1,1000,1000,0,1.000000,1000,1000,4044,1011,11249,1010,44,97,152,0,15152,4000,164,0,0,1024000,13489320,134893.200,11660.000,148336.040,148.336040,0.044000,11.249000,6.903245,90.937577,0.392705,40000,300,10,0,0.000000,0.000000
selective_repeat,1024,4,0.010000,0.010000,8,1,1000,1000,0,1.000000,1000,1000,4036,1011,5134,1003,36,28,75,0,9106,4000,91,0,0,1024000,11562352,115623.520,5543.400,121458.420,121.458420,0.036000,5.134000,8.430869,95.195969,0.291494,40000,300,10,0,0.000000,0.000000
selective_repeat,1024,8,0.010000,0.010000,8,1,1000,1000,0,1.000000,1000,1000,4036,1011,5134,1003,36,28,75,0,9106,4000,91,0,0,1024000,11562352,115623.520,5543.400,121458.420,121.458420,0.036000,5.134000,8.430869,95.195969,0.291494,40000,300,10,0,0.000000,0.000000
selective_repeat,1024,16,0.010000,0.010000,8,1,1000,1000,0,1.000000,1000,1000,4036,1011,5134,1003,36,28,75,0,9106,4000,91,0,0,1024000,11562352,115623.520,5543.400,121458.420,121.458420,0.036000,5.134000,8.430869,95.195969,0.291494,40000,300,10,0,0.000000,0.000000
stop_and_wait,1024,1,0.010000,0.020000,8,1,1000,1000,0,1.000000,1000,1000,4044,1011,11383,1021,44,190,245,0,15193,4000,268,0,0,1024000,13533112,135331.120,11794.000,152452.220,152.452220,0.044000,11.383000,6.716859,88.769531,0.394670,40000,300,10,0,0.000000,0.000000
selective_repeat,1024,4,0.010000,0.020000,8,1,1000,1000,0,1.000000,1000,1000,4034,1011,5179,1007,34,65,110,0,9114,4000,143,0,0,1024000,11572536,115725.360,5588.000,123035.120,123.035120,0.034000,5.179000,8.322827,94.058802,0.292117,40000,300,10,0,0.000000,0.000000
selective_repeat,1024,8,0.010000,0.020000,8,1,1000,1000,0,1.000000,1000,1000,4034,1011,5179,1007,34,65,110,0,9114,4000,143,0,0,1024000,11572536,115725.360,5588.000,123035.120,123.035120,0.034000,5.179000,8.322827,94.058802,0.292117,40000,300,10,0,0.000000,0.000000
selective_repeat,1024,16,0.010000,0.020000,8,1,1000,1000,0,1.000000,1000,1000,4034,1011,5179,1007,34,65,110,0,9114,4000,143,0,0,1024000,11572536,115725.360,5588.000,123035.120,123.035120,0.034000,5.179000,8.322827,94.058802,0.292117,40000,300,10,0,0.000000,0.000000
stop_and_wait,1024,1,0.010000,0.050000,8,1,1000,1000,0,1.000000,1000,1000,4044,1011,11935,1058,44,556,611,0,15379,4000,661,0,0,1024000,13711928,137119.280,12346.000,168651.380,168.651380,0.044000,11.935000,6.071697,81.303385,0.402564,40000,300,10,0,0.000000,0.000000
selective_repeat,1024,4,0.010000,0.050000,8,1,1000,1000,0,1.000000,1000,1000,4037,1011,5411,1051,37,209,257,0,9202,4000,310,0,0,1024000,11661912,116619.120,5820.600,129499.940,129.499940,0.037000,5.411000,7.907340,90.053416,0.297542,40000,300,10,0,0.000000,0.000000
selective_repeat,1024,8,0.010000,0.050000,8,1,1000,1000,0,1.000000,1000,1000,4037,1011,5411,1051,37,209,257,0,9202,4000,310,0,0,1024000,11661912,116619.120,5820.600,129499.940,129.499940,0.037000,5.411000,7.907340,90.053416,0.297542,40000,300,10,0,0.000000,0.000000
selective_repeat,1024,16,0.010000,0.050000,8,1,1000,1000,0,1.000000,1000,1000,4037,1011,5411,1051,37,209,257,0,9202,4000,310,0,0,1024000,11661912,116619.120,5820.600,129499.940,129.499940,0.037000,5.411000,7.907340,90.053416,0.297542,40000,300,10,0,0.000000,0.000000
stop_and_wait,1024,1,0.010000,0.100000,8,1,1000,1000,0,1.000000,1000,1000,4048,1011,12910,1111,48,1201,1260,0,15709,4000,1361,0,0,1024000,14033488,140334.880,13321.800,197320.920,197.320920,0.048000,12.910000,5.189516,71.120122,0.416253,40000,300,10,0,0.000000,0.000000
selective_repeat,1024,4,0.010000,0.100000,8,1,1000,1000,0,1.000000,1000,1000,4039,1011,5795,1109,39,476,526,0,9319,4000,630,0,0,1024000,11798584,117985.840,6205.000,141378.280,141.378280,0.039000,5.795000,7.242980,83.454007,0.305679,40000,300,10,0,0.000000,0.000000
selective_repeat,1024,8,0.010000,0.100000,8,1,1000,1000,0,1.000000,1000,1000,4039,1011,5795,1109,39,476,526,0,9319,4000,630,0,0,1024000,11798584,117985.840,6205.000,141378.280,141.378280,0.039000,5.795000,7.242980,83.454007,0.305679,40000,300,10,0,0.000000,0.000000
selective_repeat,1024,16,0.010000,0.100000,8,1,1000,1000,0,1.000000,1000,1000,4039,1011,5795,1109,39,476,526,0,9319,4000,630,0,0,1024000,11798584,117985.840,6205.000,141378.280,141.378280,0.039000,5.795000,7.242980,83.454007,0.305679,40000,300,10,0,0.000000,0.000000
one_way,1024,0,0.020000,0.000000,8,1,1000,904,96,0.904000,904,0,4000,1000,0,0,0,0,0,0,4898,3926,102,0,0,925696,9632000,96320.000,1200.000,97520.000,97.520000,0.000000,0.000000,9.492371,98.769483,0.231150,40000,300,10,0,0.000000,0.000000
stop_and_wait,1024,1,0.020000,0.000000,8,1,1000,1000,0,1.000000,1000,1000,4079,1029,11216,1000,79,0,108,0,15216,4000,108,0,0,1024000,13567840,135678.400,11637.600,145374.960,145.374960,0.079000,11.216000,7.043854,93.329965,0.396219,40000,300,10,0,0.000000,0.000000
selective_repeat,1024,4,0.020000,0.000000,8,1,1000,1000,0,1.000000,1000,1000,4070,1029,5198,1000,70,0,99,0,9198,4000,99,0,0,1024000,11670064,116700.640,5617.800,121520.820,121.520820,0.070000,5.198000,8.426540,96.033453,0.298033,40000,300,10,0,0.000000,0.000000
selective_repeat,1024,8,0.020000,0.000000,8,1,1000,1000,0,1.000000,1000,1000,4070,1029,5198,1000,70,0,99,0,9198,4000,99,0,0,1024000,11670064,116700.640,5617.800,121520.820,121.520820,0.070000,5.198000,8.426540,96.033453,0.298033,40000,300,10,0,0.000000,0.000000
selective_repeat,1024,16,0.020000,0.000000,8,1,1000,1000,0,1.000000,1000,1000,4070,1029,5198,1000,70,0,99,0,9198,4000,99,0,0,1024000,11670064,116700.640,5617.800,121520.820,121.520820,0.070000,5.198000,8.426540,96.033453,0.298033,40000,300,10,0,0.000000,0.000000
stop_and_wait,1024,1,0.020000,0.010000,8,1,1000,1000,0,1.000000,1000,1000,4088,1029,11377,1009,88,100,217,0,15277,4000,229,0,0,1024000,13639624,136396.240,11800.400,150075.100,150.075100,0.088000,11.377000,6.823250,90.885323,0.399397,40000,300,10,0,0.000000,0.000000
selective_repeat,1024,4,0.020000,0.010000,8,1,1000,1000,0,1.000000,1000,1000,4070,1029,5238,1003,70,28,127,0,9210,4000,142,0,0,1024000,11683056,116830.560,5657.800,122760.100,122.760100,0.070000,5.238000,8.341473,95.169815,0.298814,40000,300,10,0,0.000000,0.000000
selective_repeat,1024,8,0.020000,0.010000,8,1,1000,1000,0,1.000000,1000,1000,4070,1029,5238,1003,70,28,127,0,9210,4000,142,0,0,1024000,11683056,116830.560,5657.800,122760.100,122.760100,0.070000,5.238000,8.341473,95.169815,0.298814,40000,300,10,0,0.000000,0.000000
selective_repeat,1024,16,0.020000,0.010000,8,1,1000,1000,0,1.000000,1000,1000,4070,1029,5238,1003,70,28,127,0,9210,4000,142,0,0,1024000,11683056,116830.560,5657.800,122760.100,122.760100,0.070000,5.238000,8.341473,95.169815,0.298814,40000,300,10,0,0.000000,0.000000
stop_and_wait,1024,1,0.020000,0.020000,8,1,1000,1000,0,1.000000,1000,1000,4089,1029,11516,1020,89,195,313,0,15321,4000,335,0,0,1024000,13687200,136872.000,11939.600,154310.260,154.310260,0.089000,11.516000,6.635981,88.699222,0.401485,40000,300,10,0,0.000000,0.000000
selective_repeat,1024,4,0.020000,0.020000,8,1,1000,1000,0,1.000000,1000,1000,4068,1029,5284,1007,68,66,163,0,9218,4000,196,0,0,1024000,11693536,116935.360,5703.400,124381.060,124.381060,0.068000,5.284000,8.232765,94.013799,0.299442,40000,300,10,0,0.000000,0.000000
selective_repeat,1024,8,0.020000,0.020000,8,1,1000,1000,0,1.000000,1000,1000,4068,1029,5284,1007,68,66,163,0,9218,4000,196,0,0,1024000,11693536,116935.360,5703.400,124381.060,124.381060,0.068000,5.284000,8.232765,94.013799,0.299442,40000,300,10,0,0.000000,0.000000
selective_repeat,1024,16,0.020000,0.020000,8,1,1000,1000,0,1.000000,1000,1000,4068,1029,5284,1007,68,66,163,0,9218,4000,196,0,0,1024000,11693536,116935.360,5703.400,124381.060,124.381060,0.068000,5.284000,8.232765,94.013799,0.299442,40000,300,10,0,0.000000,0.000000
stop_and_wait,1024,1,0.020000,0.050000,8,1,1000,1000,0,1.000000,1000,1000,4085,1029,12062,1055,85,562,676,0,15500,4000,725,0,0,1024000,13854672,138546.720,12484.800,170431.840,170.431840,0.085000,12.062000,6.008267,81.291571,0.408719,40000,300,10,0,0.000000,0.000000
selective_repeat,1024,4,0.020000,0.050000,8,1,1000,1000,0,1.000000,1000,1000,4071,1029,5515,1047,71,210,310,0,9305,4000,364,0,0,1024000,11781560,117815.600,5935.000,130845.880,130.845880,0.071000,5.515000,7.826001,90.041505,0.304676,40000,300,10,0,0.000000,0.000000
selective_repeat,1024,8,0.020000,0.050000,8,1,1000,1000,0,1.000000,1000,1000,4071,1029,5515,1047,71,210,310,0,9305,4000,364,0,0,1024000,11781560,117815.600,5935.000,130845.880,130.845880,0.071000,5.515000,7.826001,90.041505,0.304676,40000,300,10,0,0.000000,0.000000
selective_repeat,1024,16,0.020000,0.050000,8,1,1000,1000,0,1.000000,1000,1000,4071,1029,5515,1047,71,210,310,0,9305,4000,364,0,0,1024000,11781560,117815.600,5935.000,130845.880,130.845880,0.071000,5.515000,7.826001,90.041505,0.304676,40000,300,10,0,0.000000,0.000000
stop_and_wait,1024,1,0.020000,0.100000,8,1,1000,1000,0,1.000000,1000,1000,4087,1029,13045,1112,87,1215,1331,0,15830,4000,1435,0,0,1024000,14175208,141752.080,13468.200,199394.540,199.394540,0.087000,13.045000,5.135547,71.091255,0.422090,40000,300,10,0,0.000000,0.000000
selective_repeat,1024,4,0.020000,0.100000,8,1,1000,1000,0,1.000000,1000,1000,4074,1029,5906,1104,74,481,584,0,9425,4000,687,0,0,1024000,11922352,119223.520,6326.600,142931.720,142.931720,0.074000,5.906000,7.164260,83.412919,0.312887,40000,300,10,0,0.000000,0.000000
selective_repeat,1024,8,0.020000,0.100000,8,1,1000,1000,0,1.000000,1000,1000,4074,1029,5906,1104,74,481,584,0,9425,4000,687,0,0,1024000,11922352,119223.520,6326.600,142931.720,142.931720,0.074000,5.906000,7.164260,83.412919,0.312887,40000,300,10,0,0.000000,0.000000
selective_repeat,1024,16,0.020000,0.100000,8,1,1000,1000,0,1.000000,1000,1000,4074,1029,5906,1104,74,481,584,0,9425,4000,687,0,0,1024000,11922352,119223.520,6326.600,142931.720,142.931720,0.074000,5.906000,7.164260,83.412919,0.312887,40000,300,10,0,0.000000,0.000000
one_way,1024,0,0.050000,0.000000,8,1,1000,773,227,0.773000,773,0,4000,1000,0,0,0,0,0,0,4747,3803,253,0,0,791552,9632000,96320.000,1200.000,97520.000,97.520000,0.000000,0.000000,8.116817,98.769483,0.342565,40000,300,10,0,0.000000,0.000000
stop_and_wait,1024,1,0.050000,0.000000,8,1,1000,1000,0,1.000000,1000,1000,4199,1058,11514,1000,199,0,257,0,15514,4000,257,0,0,1024000,13949104,139491.040,11965.400,149458.780,149.458780,0.199000,11.514000,6.851387,93.330777,0.412722,40000,300,10,0,0.000000,0.000000
selective_repeat,1024,4,0.050000,0.000000,8,1,1000,1000,0,1.000000,1000,1000,4208,1058,5506,1000,208,0,253,0,9506,4000,266,0,0,1024000,12094768,120947.680,5959.200,126050.740,126.050740,0.208000,5.506000,8.123713,95.951583,0.322682,40000,300,10,0,0.000000,0.000000
selective_repeat,1024,8,0.050000,0.000000,8,1,1000,1000,0,1.000000,1000,1000,4208,1058,5506,1000,208,0,253,0,9506,4000,266,0,0,1024000,12094768,120947.680,5959.200,126050.740,126.050740,0.208000,5.506000,8.123713,95.951583,0.322682,40000,300,10,0,0.000000,0.000000
selective_repeat,1024,16,0.050000,0.000000,8,1,1000,1000,0,1.000000,1000,1000,4208,1058,5506,1000,208,0,253,0,9506,4000,266,0,0,1024000,12094768,120947.680,5959.200,126050.740,126.050740,0.208000,5.506000,8.123713,95.951583,0.322682,40000,300,10,0,0.000000,0.000000
stop_and_wait,1024,1,0.050000,0.010000,8,1,1000,1000,0,1.000000,1000,1000,4204,1058,11671,1009,204,103,365,0,15568,4000,379,0,0,1024000,14010648,140106.480,12123.400,154169.860,154.169860,0.204000,11.671000,6.642025,90.877997,0.415302,40000,300,10,0,0.000000,0.000000
selective_repeat,1024,4,0.050000,0.010000,8,1,1000,1000,0,1.000000,1000,1000,4207,1058,5548,1003,207,32,284,0,9516,4000,312,0,0,1024000,12106080,121060.800,6001.000,127436.600,127.436600,0.207000,5.548000,8.035368,94.996885,0.323315,40000,300,10,0,0.000000,0.000000
selective_repeat,1024,8,0.050000,0.010000,8,1,1000,1000,0,1.000000,1000,1000,4207,1058,5548,1003,207,32,284,0,9516,4000,312,0,0,1024000,12106080,121060.800,6001.000,127436.600,127.436600,0.207000,5.548000,8.035368,94.996885,0.323315,40000,300,10,0,0.000000,0.000000
selective_repeat,1024,16,0.050000,0.010000,8,1,1000,1000,0,1.000000,1000,1000,4207,1058,5548,1003,207,32,284,0,9516,4000,312,0,0,1024000,12106080,121060.800,6001.000,127436.600,127.436600,0.207000,5.548000,8.035368,94.996885,0.323315,40000,300,10,0,0.000000,0.000000
stop_and_wait,1024,1,0.050000,0.020000,8,1,1000,1000,0,1.000000,1000,1000,4212,1058,11826,1020,212,199,469,0,15627,4000,495,0,0,1024000,14078896,140788.960,12280.000,158662.500,158.662500,0.212000,11.826000,6.453951,88.734868,0.418136,40000,300,10,0,0.000000,0.000000
selective_repeat,1024,4,0.050000,0.020000,8,1,1000,1000,0,1.000000,1000,1000,4208,1058,5604,1007,208,72,325,0,9532,4000,371,0,0,1024000,12126400,121264.000,6057.200,129237.460,129.237460,0.208000,5.604000,7.923399,93.830380,0.324449,40000,300,10,0,0.000000,0.000000
selective_repeat,1024,8,0.050000,0.020000,8,1,1000,1000,0,1.000000,1000,1000,4208,1058,5604,1007,208,72,325,0,9532,4000,371,0,0,1024000,12126400,121264.000,6057.200,129237.460,129.237460,0.208000,5.604000,7.923399,93.830380,0.324449,40000,300,10,0,0.000000,0.000000
selective_repeat,1024,16,0.050000,0.020000,8,1,1000,1000,0,1.000000,1000,1000,4208,1058,5604,1007,208,72,325,0,9532,4000,371,0,0,1024000,12126400,121264.000,6057.200,129237.460,129.237460,0.208000,5.604000,7.923399,93.830380,0.324449,40000,300,10,0,0.000000,0.000000
stop_and_wait,1024,1,0.050000,0.050000,8,1,1000,1000,0,1.000000,1000,1000,4211,1058,12396,1048,211,579,848,0,15817,4000,896,0,0,1024000,14258656,142586.560,12849.800,175450.840,175.450840,0.211000,12.396000,5.836393,81.268668,0.425472,40000,300,10,0,0.000000,0.000000
selective_repeat,1024,4,0.050000,0.050000,8,1,1000,1000,0,1.000000,1000,1000,4209,1058,5848,1040,209,228,481,0,9620,4000,550,0,0,1024000,12212128,122121.280,6301.400,136164.620,136.164620,0.209000,5.848000,7.520309,89.686499,0.329191,40000,300,10,0,0.000000,0.000000
selective_repeat,1024,8,0.050000,0.050000,8,1,1000,1000,0,1.000000,1000,1000,4209,1058,5848,1040,209,228,481,0,9620,4000,550,0,0,1024000,12212128,122121.280,6301.400,136164.620,136.164620,0.209000,5.848000,7.520309,89.686499,0.329191,40000,300,10,0,0.000000,0.000000
selective_repeat,1024,16,0.050000,0.050000,8,1,1000,1000,0,1.000000,1000,1000,4209,1058,5848,1040,209,228,481,0,9620,4000,550,0,0,1024000,12212128,122121.280,6301.400,136164.620,136.164620,0.209000,5.848000,7.520309,89.686499,0.329191,40000,300,10,0,0.000000,0.000000
stop_and_wait,1024,1,0.050000,0.100000,8,1,1000,1000,0,1.000000,1000,1000,4210,1058,13398,1102,210,1251,1519,0,16147,4000,1625,0,0,1024000,14577424,145774.240,13851.600,205163.100,205.163100,0.210000,13.398000,4.991151,71.052855,0.438035,40000,300,10,0,0.000000,0.000000
selective_repeat,1024,4,0.050000,0.100000,8,1,1000,1000,0,1.000000,1000,1000,4208,1058,6264,1091,208,514,769,0,9750,4000,884,0,0,1024000,12350176,123501.760,6717.200,148816.100,148.816100,0.208000,6.264000,6.880976,82.989515,0.336690,40000,300,10,0,0.000000,0.000000
selective_repeat,1024,8,0.050000,0.100000,8,1,1000,1000,0,1.000000,1000,1000,4208,1058,6264,1091,208,514,769,0,9750,4000,884,0,0,1024000,12350176,123501.760,6717.200,148816.100,148.816100,0.208000,6.264000,6.880976,82.989515,0.336690,40000,300,10,0,0.000000,0.000000
selective_repeat,1024,16,0.050000,0.100000,8,1,1000,1000,0,1.000000,1000,1000,4208,1058,6264,1091,208,514,769,0,9750,4000,884,0,0,1024000,12350176,123501.760,6717.200,148816.100,148.816100,0.208000,6.264000,6.880976,82.989515,0.336690,40000,300,10,0,0.000000,0.000000
one_way,1024,0,0.100000,0.000000,8,1,1000,600,400,0.600000,600,0,4000,1000,0,0,0,0,0,0,4512,3613,488,0,0,614400,9632000,96320.000,1200.000,97520.000,97.520000,0.000000,0.000000,6.300246,98.769483,0.489701,40000,300,10,0,0.000000,0.000000
stop_and_wait,1024,1,0.100000,0.000000,8,1,1000,1000,0,1.000000,1000,1000,4435,1108,12086,1000,435,0,543,0,16086,4000,543,0,0,1024000,14689808,146898.080,12594.600,157386.340,157.386340,0.435000,12.086000,6.506283,93.335978,0.442334,40000,300,10,0,0.000000,0.000000
selective_repeat,1024,4,0.100000,0.000000,8,1,1000,1000,0,1.000000,1000,1000,4442,1108,5988,1000,442,0,494,0,9988,4000,550,0,0,1024000,12802912,128029.120,6498.000,133579.400,133.579400,0.442000,5.988000,7.665853,95.844958,0.360146,40000,300,10,0,0.000000,0.000000
selective_repeat,1024,8,0.100000,0.000000,8,1,1000,1000,0,1.000000,1000,1000,4442,1108,5988,1000,442,0,494,0,9988,4000,550,0,0,1024000,12802912,128029.120,6498.000,133579.400,133.579400,0.442000,5.988000,7.665853,95.844958,0.360146,40000,300,10,0,0.000000,0.000000
selective_repeat,1024,16,0.100000,0.000000,8,1,1000,1000,0,1.000000,1000,1000,4442,1108,5988,1000,442,0,494,0,9988,4000,550,0,0,1024000,12802912,128029.120,6498.000,133579.400,133.579400,0.442000,5.988000,7.665853,95.844958,0.360146,40000,300,10,0,0.000000,0.000000
stop_and_wait,1024,1,0.100000,0.010000,8,1,1000,1000,0,1.000000,1000,1000,4437,1108,12252,1013,437,112,657,0,16140,4000,671,0,0,1024000,14748416,147484.160,12761.000,162404.380,162.404380,0.437000,12.252000,6.305249,90.812920,0.444551,40000,300,10,0,0.000000,0.000000
selective_repeat,1024,4,0.100000,0.010000,8,1,1000,1000,0,1.000000,1000,1000,4440,1108,6039,1007,440,39,531,0,10000,4000,598,0,0,1024000,12815768,128157.680,6548.600,135244.620,135.244620,0.440000,6.039000,7.571466,94.759910,0.360787,40000,300,10,0,0.000000,0.000000
selective_repeat,1024,8,0.100000,0.010000,8,1,1000,1000,0,1.000000,1000,1000,4440,1108,6039,1007,440,39,531,0,10000,4000,598,0,0,1024000,12815768,128157.680,6548.600,135244.620,135.244620,0.440000,6.039000,7.571466,94.759910,0.360787,40000,300,10,0,0.000000,0.000000
selective_repeat,1024,16,0.100000,0.010000,8,1,1000,1000,0,1.000000,1000,1000,4440,1108,6039,1007,440,39,531,0,10000,4000,598,0,0,1024000,12815768,128157.680,6548.600,135244.620,135.244620,0.440000,6.039000,7.571466,94.759910,0.360787,40000,300,10,0,0.000000,0.000000
stop_and_wait,1024,1,0.100000,0.020000,8,1,1000,1000,0,1.000000,1000,1000,4451,1108,12431,1027,451,216,775,0,16215,4000,800,0,0,1024000,14838296,148382.960,12942.800,167433.860,167.433860,0.451000,12.431000,6.115848,88.621836,0.447915,40000,300,10,0,0.000000,0.000000
selective_repeat,1024,4,0.100000,0.020000,8,1,1000,1000,0,1.000000,1000,1000,4440,1108,6106,1012,440,87,580,0,10019,4000,667,0,0,1024000,12837456,128374.560,6615.600,137376.960,137.376960,0.440000,6.106000,7.453943,93.446936,0.361867,40000,300,10,0,0.000000,0.000000
selective_repeat,1024,8,0.100000,0.020000,8,1,1000,1000,0,1.000000,1000,1000,4440,1108,6106,1012,440,87,580,0,10019,4000,667,0,0,1024000,12837456,128374.560,6615.600,137376.960,137.376960,0.440000,6.106000,7.453943,93.446936,0.361867,40000,300,10,0,0.000000,0.000000
selective_repeat,1024,16,0.100000,0.020000,8,1,1000,1000,0,1.000000,1000,1000,4440,1108,6106,1012,440,87,580,0,10019,4000,667,0,0,1024000,12837456,128374.560,6615.600,137376.960,137.376960,0.440000,6.106000,7.453943,93.446936,0.361867,40000,300,10,0,0.000000,0.000000
stop_and_wait,1024,1,0.100000,0.050000,8,1,1000,1000,0,1.000000,1000,1000,4442,1108,13014,1053,442,616,1166,0,16398,4000,1215,0,0,1024000,15003504,150035.040,13524.000,184863.720,184.863720,0.442000,13.014000,5.539216,81.159808,0.453994,40000,300,10,0,0.000000,0.000000
selective_repeat,1024,4,0.100000,0.050000,8,1,1000,1000,0,1.000000,1000,1000,4440,1108,6384,1047,440,263,758,0,10121,4000,868,0,0,1024000,12931904,129319.040,6893.600,145182.440,145.182440,0.440000,6.384000,7.053195,89.073472,0.366528,40000,300,10,0,0.000000,0.000000
selective_repeat,1024,8,0.100000,0.050000,8,1,1000,1000,0,1.000000,1000,1000,4440,1108,6384,1047,440,263,758,0,10121,4000,868,0,0,1024000,12931904,129319.040,6893.600,145182.440,145.182440,0.440000,6.384000,7.053195,89.073472,0.366528,40000,300,10,0,0.000000,0.000000
selective_repeat,1024,16,0.100000,0.050000,8,1,1000,1000,0,1.000000,1000,1000,4440,1108,6384,1047,440,263,758,0,10121,4000,868,0,0,1024000,12931904,129319.040,6893.600,145182.440,145.182440,0.440000,6.384000,7.053195,89.073472,0.366528,40000,300,10,0,0.000000,0.000000
stop_and_wait,1024,1,0.100000,0.100000,8,1,1000,1000,0,1.000000,1000,1000,4443,1109,14089,1108,443,1333,1885,0,16756,4000,1990,0,0,1024000,15350088,153500.880,14599.400,216643.380,216.643380,0.443000,14.089000,4.726662,70.854175,0.466322,40000,300,10,0,0.000000,0.000000
selective_repeat,1024,4,0.100000,0.100000,8,1,1000,1000,0,1.000000,1000,1000,4443,1109,6855,1091,443,577,1080,0,10278,4000,1240,0,0,1024000,13094744,130947.440,7365.400,159217.680,159.217680,0.443000,6.855000,6.431447,82.244283,0.374405,40000,300,10,0,0.000000,0.000000
selective_repeat,1024,8,0.100000,0.100000,8,1,1000,1000,0,1.000000,1000,1000,4443,1109,6855,1091,443,577,1080,0,10278,4000,1240,0,0,1024000,13094744,130947.440,7365.400,159217.680,159.217680,0.443000,6.855000,6.431447,82.244283,0.374405,40000,300,10,0,0.000000,0.000000
selective_repeat,1024,16,0.100000,0.100000,8,1,1000,1000,0,1.000000,1000,1000,4443,1109,6855,1091,443,577,1080,0,10278,4000,1240,0,0,1024000,13094744,130947.440,7365.400,159217.680,159.217680,0.443000,6.855000,6.431447,82.244283,0.374405,40000,300,10,0,0.000000,0.000000
one_way,1024,0,0.200000,0.000000,8,1,1000,324,676,0.324000,324,0,4000,1000,0,0,0,0,0,0,4001,3196,999,0,0,331776,9632000,96320.000,1200.000,97520.000,97.520000,0.000000,0.000000,3.402133,98.769483,0.724439,40000,300,10,0,0.000000,0.000000
stop_and_wait,1024,1,0.200000,0.000000,8,1,1000,1000,0,1.000000,1000,1000,5026,1238,13528,1000,1026,0,1264,0,17528,4000,1264,0,0,1024000,16550912,165509.120,14180.800,177309.600,177.309600,1.026000,13.528000,5.775209,93.344703,0.505042,40000,300,10,0,0.000000,0.000000
selective_repeat,1024,4,0.200000,0.000000,8,1,1000,1000,0,1.000000,1000,1000,5015,1238,7048,1000,1015,0,1024,0,11048,4000,1253,0,0,1024000,14504512,145045.120,7698.600,151594.600,151.594600,1.015000,7.048000,6.754858,95.679609,0.435210,40000,300,10,0,0.000000,0.000000
selective_repeat,1024,8,0.200000,0.000000,8,1,1000,1000,0,1.000000,1000,1000,5015,1238,7048,1000,1015,0,1024,0,11048,4000,1253,0,0,1024000,14504512,145045.120,7698.600,151594.600,151.594600,1.015000,7.048000,6.754858,95.679609,0.435210,40000,300,10,0,0.000000,0.000000
selective_repeat,1024,16,0.200000,0.000000,8,1,1000,1000,0,1.000000,1000,1000,5015,1238,7048,1000,1015,0,1024,0,11048,4000,1253,0,0,1024000,14504512,145045.120,7698.600,151594.600,151.594600,1.015000,7.048000,6.754858,95.679609,0.435210,40000,300,10,0,0.000000,0.000000
stop_and_wait,1024,1,0.200000,0.010000,8,1,1000,1000,0,1.000000,1000,1000,5016,1237,13690,1009,1016,126,1379,0,17564,4000,1392,0,0,1024000,16579600,165796.000,14340.600,182566.980,182.566980,1.016000,13.690000,5.608900,90.813793,0.505899,40000,300,10,0,0.000000,0.000000
selective_repeat,1024,4,0.200000,0.010000,8,1,1000,1000,0,1.000000,1000,1000,5010,1237,7108,1009,1010,47,1067,0,11061,4000,1307,0,0,1024000,14513248,145132.480,7757.400,153523.460,153.523460,1.010000,7.108000,6.669990,94.534399,0.435550,40000,300,10,0,0.000000,0.000000
selective_repeat,1024,8,0.200000,0.010000,8,1,1000,1000,0,1.000000,1000,1000,5010,1237,7108,1009,1010,47,1067,0,11061,4000,1307,0,0,1024000,14513248,145132.480,7757.400,153523.460,153.523460,1.010000,7.108000,6.669990,94.534399,0.435550,40000,300,10,0,0.000000,0.000000
selective_repeat,1024,16,0.200000,0.010000,8,1,1000,1000,0,1.000000,1000,1000,5010,1237,7108,1009,1010,47,1067,0,11061,4000,1307,0,0,1024000,14513248,145132.480,7757.400,153523.460,153.523460,1.010000,7.108000,6.669990,94.534399,0.435550,40000,300,10,0,0.000000,0.000000
stop_and_wait,1024,1,0.200000,0.020000,8,1,1000,1000,0,1.000000,1000,1000,5051,1236,13936,1019,1051,250,1537,0,17686,4000,1555,0,0,1024000,16735520,167355.200,14593.400,189106.540,189.106540,1.051000,13.936000,5.414937,88.497838,0.510502,40000,300,10,0,0.000000,0.000000
selective_repeat,1024,4,0.200000,0.020000,8,1,1000,1000,0,1.000000,1000,1000,5012,1236,7194,1021,1012,106,1126,0,11088,4000,1385,0,0,1024000,14546448,145464.480,7843.600,156173.080,156.173080,1.012000,7.194000,6.556828,93.143120,0.436838,40000,300,10,0,0.000000,0.000000
selective_repeat,1024,8,0.200000,0.020000,8,1,1000,1000,0,1.000000,1000,1000,5012,1236,7194,1021,1012,106,1126,0,11088,4000,1385,0,0,1024000,14546448,145464.480,7843.600,156173.080,156.173080,1.012000,7.194000,6.556828,93.143120,0.436838,40000,300,10,0,0.000000,0.000000
selective_repeat,1024,16,0.200000,0.020000,8,1,1000,1000,0,1.000000,1000,1000,5012,1236,7194,1021,1012,106,1126,0,11088,4000,1385,0,0,1024000,14546448,145464.480,7843.600,156173.080,156.173080,1.012000,7.194000,6.556828,93.143120,0.436838,40000,300,10,0,0.000000,0.000000
stop_and_wait,1024,1,0.200000,0.050000,8,1,1000,1000,0,1.000000,1000,1000,5032,1234,14560,1041,1032,696,1962,0,17864,4000,2002,0,0,1024000,16888320,168883.200,15213.200,208238.200,208.238200,1.032000,14.560000,4.917446,81.100970,0.514931,40000,300,10,0,0.000000,0.000000
selective_repeat,1024,4,0.200000,0.050000,8,1,1000,1000,0,1.000000,1000,1000,5025,1234,7578,1069,1025,335,1367,0,11243,4000,1648,0,0,1024000,14704752,147047.520,8229.800,166682.900,166.682900,1.025000,7.578000,6.143402,88.219919,0.442901,40000,300,10,0,0.000000,0.000000
selective_repeat,1024,8,0.200000,0.050000,8,1,1000,1000,0,1.000000,1000,1000,5025,1234,7578,1069,1025,335,1367,0,11243,4000,1648,0,0,1024000,14704752,147047.520,8229.800,166682.900,166.682900,1.025000,7.578000,6.143402,88.219919,0.442901,40000,300,10,0,0.000000,0.000000
selective_repeat,1024,16,0.200000,0.050000,8,1,1000,1000,0,1.000000,1000,1000,5025,1234,7578,1069,1025,335,1367,0,11243,4000,1648,0,0,1024000,14704752,147047.520,8229.800,166682.900,166.682900,1.025000,7.578000,6.143402,88.219919,0.442901,40000,300,10,0,0.000000,0.000000
stop_and_wait,1024,1,0.200000,0.100000,8,1,1000,999,1,0.999000,999,999,5016,1241,15740,1091,1018,1504,2763,1,18234,3997,2861,0,0,1022976,17231488,172314.880,16391.400,243609.860,243.609860,1.018000,15.740000,4.199239,70.733951,0.525067,40000,300,10,0,0.000000,0.000000
selective_repeat,1024,4,0.200000,0.100000,8,1,1000,999,1,0.999000,999,999,5025,1241,8196,1132,1025,740,1782,1,11456,3999,2114,0,0,1022976,14915040,149150.400,8849.200,184728.720,184.728720,1.025000,8.196000,5.537720,80.740234,0.451305,40000,300,10,0,0.000000,0.000000
selective_repeat,1024,8,0.200000,0.100000,8,1,1000,999,1,0.999000,999,999,5025,1241,8196,1132,1025,740,1782,1,11456,3999,2114,0,0,1022976,14915040,149150.400,8849.200,184728.720,184.728720,1.025000,8.196000,5.537720,80.740234,0.451305,40000,300,10,0,0.000000,0.000000
selective_repeat,1024,16,0.200000,0.100000,8,1,1000,999,1,0.999000,999,999,5025,1241,8196,1132,1025,740,1782,1,11456,3999,2114,0,0,1022976,14915040,149150.400,8849.200,184728.720,184.728720,1.025000,8.196000,5.537720,80.740234,0.451305,40000,300,10,0,0.000000,0.000000
one_way,10240,0,0.000000,0.000000,8,1,1000,1000,0,1.000000,1000,0,40000,1000,0,0,0,0,0,0,41000,40000,0,0,0,10240000,90272000,902720.000,8400.000,911120.000,911.120000,0.000000,0.000000,11.238915,99.078058,0.092520,40000,300,10,0,0.000000,0.000000
stop_and_wait,10240,1,0.000000,0.000000,8,1,1000,1000,0,1.000000,1000,1000,40000,1000,83000,1000,0,0,0,0,123000,40000,0,0,0,10240000,116408000,1164080.000,90600.000,1239100.000,1239.100000,0.000000,83.000000,8.264063,93.945606,0.296268,40000,300,10,0,0.000000,0.000000
selective_repeat,10240,4,0.000000,0.000000,8,1,1000,1000,0,1.000000,1000,1000,40000,1000,23000,1000,0,0,0,0,63000,40000,0,0,0,10240000,97688000,976880.000,30600.000,1003300.000,1003.300000,0.000000,23.000000,10.206319,97.366690,0.161412,40000,300,10,0,0.000000,0.000000
selective_repeat,10240,8,0.000000,0.000000,8,1,1000,1000,0,1.000000,1000,1000,40000,1000,13000,1000,0,0,0,0,53000,40000,0,0,0,10240000,94568000,945680.000,20600.000,964000.000,964.000000,0.000000,13.000000,10.622407,98.099585,0.133745,40000,300,10,0,0.000000,0.000000
selective_repeat,10240,16,0.000000,0.000000,8,1,1000,1000,0,1.000000,1000,1000,40000,1000,9000,1000,0,0,0,0,49000,40000,0,0,0,10240000,93320000,933200.000,16600.000,948280.000,948.280000,0.000000,9.000000,10.798498,98.409752,0.122160,40000,300,10,0,0.000000,0.000000
stop_and_wait,10240,1,0.000000,0.010000,8,1,1000,1000,0,1.000000,1000,1000,40000,1000,84174,1008,0,792,792,0,123382,40000,800,0,0,10240000,116769776,1167697.760,91774.000,1274153.920,1274.153920,0.000000,84.174000,8.036706,91.644953,0.298449,40000,300,10,0,0.000000,0.000000
selective_repeat,10240,4,0.000000,0.010000,8,1,1000,1000,0,1.000000,1000,1000,40000,1000,23301,1006,0,210,210,0,63091,40000,218,0,0,10240000,97781544,977815.440,30901.000,1012594.600,1012.594600,0.000000,23.301000,10.112635,96.565342,0.162214,40000,300,10,0,0.000000,0.000000
selective_repeat,10240,8,0.000000,0.010000,8,1,1000,1000,0,1.000000,1000,1000,40000,1000,13162,1009,0,109,109,0,53053,40000,118,0,0,10240000,94619952,946199.520,20762.000,968824.340,968.824340,0.000000,13.162000,10.569511,97.664714,0.134221,40000,300,10,0,0.000000,0.000000
selective_repeat,10240,16,0.000000,0.010000,8,1,1000,1000,0,1.000000,1000,1000,40000,1000,9091,1006,0,62,62,0,49029,40000,76,0,0,10240000,93349400,933494.000,16691.000,951024.120,951.024120,0.000000,9.091000,10.767340,98.156711,0.122437,40000,300,10,0,0.000000,0.000000
stop_and_wait,10240,1,0.000000,0.020000,8,1,1000,1000,0,1.000000,1000,1000,40000,1000,85327,1018,0,1552,1552,0,123775,40000,1573,0,0,10240000,117126200,1171262.000,92927.000,1307791.520,1307.791520,0.000000,85.327000,7.829994,89.560299,0.300583,40000,300,10,0,0.000000,0.000000
selective_repeat,10240,4,0.000000,0.020000,8,1,1000,1000,0,1.000000,1000,1000,40000,1000,23609,1013,0,414,414,0,63195,40000,430,0,0,10240000,97877832,978778.320,31209.000,1021623.640,1021.623640,0.000000,23.609000,10.023261,95.806154,0.163038,40000,300,10,0,0.000000,0.000000
selective_repeat,10240,8,0.000000,0.020000,8,1,1000,1000,0,1.000000,1000,1000,40000,1000,13347,1021,0,233,233,0,53114,40000,245,0,0,10240000,94679736,946797.360,20947.000,974312.580,974.312580,0.000000,13.347000,10.509974,97.175935,0.134767,40000,300,10,0,0.000000,0.000000
selective_repeat,10240,16,0.000000,0.020000,8,1,1000,1000,0,1.000000,1000,1000,40000,1000,9220,1021,0,148,148,0,49072,40000,168,0,0,10240000,93392800,933928.000,16820.000,954830.480,954.830480,0.000000,9.220000,10.724417,97.810870,0.122845,40000,300,10,0,0.000000,0.000000
stop_and_wait,10240,1,0.000000,0.050000,8,1,1000,1000,0,1.000000,1000,1000,40000,1000,89424,1062,0,4342,4342,0,125082,40000,4396,0,0,10240000,118392000,1183920.000,97024.000,1431276.920,1431.276920,0.000000,89.424000,7.154451,82.717745,0.308061,40000,300,10,0,0.000000,0.000000
selective_repeat,10240,4,0.000000,0.050000,8,1,1000,1000,0,1.000000,1000,1000,40000,1000,24729,1046,0,1172,1172,0,63557,40000,1216,0,0,10240000,98229384,982293.840,32329.000,1055172.720,1055.172720,0.000000,24.729000,9.704572,93.093180,0.166034,40000,300,10,0,0.000000,0.000000
selective_repeat,10240,8,0.000000,0.050000,8,1,1000,1000,0,1.000000,1000,1000,40000,1000,13919,1051,0,615,615,0,53304,40000,662,0,0,10240000,94862808,948628.080,21519.000,991219.900,991.219900,0.000000,13.919000,10.330705,95.703091,0.136437,40000,300,10,0,0.000000,0.000000
selective_repeat,10240,16,0.000000,0.050000,8,1,1000,1000,0,1.000000,1000,1000,40000,1000,9623,1058,0,408,408,0,49215,40000,458,0,0,10240000,93526136,935261.360,17223.000,966338.080,966.338080,0.000000,9.623000,10.596705,96.784074,0.124095,40000,300,10,0,0.000000,0.000000
stop_and_wait,10240,1,0.000000,0.100000,8,1,1000,1000,0,1.000000,1000,1000,40000,1000,97072,1109,0,9546,9546,0,127526,40000,9641,0,0,10240000,120746048,1207460.480,104672.000,1661605.960,1661.605960,0.000000,97.072000,6.162713,72.668281,0.321551,40000,300,10,0,0.000000,0.000000
selective_repeat,10240,4,0.000000,0.100000,8,1,1000,1000,0,1.000000,1000,1000,40000,1000,26709,1101,0,2556,2556,0,64153,40000,2641,0,0,10240000,98848616,988486.160,34309.000,1116428.560,1116.428560,0.000000,26.709000,9.172105,88.540028,0.171258,40000,300,10,0,0.000000,0.000000
selective_repeat,10240,8,0.000000,0.100000,8,1,1000,1000,0,1.000000,1000,1000,40000,1000,15027,1120,0,1388,1388,0,53639,40000,1484,0,0,10240000,95219160,952191.600,22627.000,1025432.880,1025.432880,0.000000,15.027000,9.986027,92.857526,0.139669,40000,300,10,0,0.000000,0.000000
selective_repeat,10240,16,0.000000,0.100000,8,1,1000,1000,0,1.000000,1000,1000,40000,1000,10331,1119,0,888,888,0,49443,40000,980,0,0,10240000,93758616,937586.160,17931.000,987582.880,987.582880,0.000000,10.331000,10.368750,94.937466,0.126267,40000,300,10,0,0.000000,0.000000
one_way,10240,0,0.010000,0.000000,8,1,1000,671,329,0.671000,671,0,40000,1000,0,0,0,0,0,0,40599,39610,401,0,0,6871040,90272000,902720.000,8400.000,911120.000,911.120000,0.000000,0.000000,7.541312,99.078058,0.391081,40000,300,10,0,0.000000,0.000000
stop_and_wait,10240,1,0.010000,0.000000,8,1,1000,1000,0,1.000000,1000,1000,40388,1011,83798,1000,388,0,399,0,123798,40000,399,0,0,10240000,117533488,1175334.880,91477.800,1251081.060,1251.081060,0.388000,83.798000,8.184921,93.945542,0.303007,40000,300,10,0,0.000000,0.000000
selective_repeat,10240,4,0.010000,0.000000,8,1,1000,1000,0,1.000000,1000,1000,40381,1011,23782,1000,381,0,391,0,63782,40000,392,0,0,10240000,98792816,987928.160,31460.400,1015059.980,1015.059980,0.381000,23.782000,10.088074,97.327072,0.170790,40000,300,10,0,0.000000,0.000000
selective_repeat,10240,8,0.010000,0.000000,8,1,1000,1000,0,1.000000,1000,1000,40392,1011,13782,1000,392,0,391,0,53782,40000,403,0,0,10240000,95697456,956974.560,21462.600,976008.580,976.008580,0.392000,13.782000,10.491711,98.049810,0.143969,40000,300,10,0,0.000000,0.000000
selective_repeat,10240,16,0.010000,0.000000,8,1,1000,1000,0,1.000000,1000,1000,40393,1011,9750,1000,393,0,375,0,49750,40000,404,0,0,10240000,94441712,944417.120,17430.800,960185.420,960.185420,0.393000,9.750000,10.664607,98.357786,0.132587,40000,300,10,0,0.000000,0.000000
stop_and_wait,10240,1,0.010000,0.010000,8,1,1000,1000,0,1.000000,1000,1000,40411,1011,85036,1008,411,803,1225,0,124233,40000,1234,0,0,10240000,117966688,1179666.880,92720.400,1287322.420,1287.322420,0.411000,85.036000,7.954495,91.637251,0.305567,40000,300,10,0,0.000000,0.000000
selective_repeat,10240,4,0.010000,0.010000,8,1,1000,1000,0,1.000000,1000,1000,40383,1011,24120,1010,383,227,620,0,63893,40000,630,0,0,10240000,98903392,989033.920,31798.800,1025167.920,1025.167920,0.383000,24.120000,9.988608,96.475309,0.171717,40000,300,10,0,0.000000,0.000000
selective_repeat,10240,8,0.010000,0.010000,8,1,1000,1000,0,1.000000,1000,1000,40389,1011,13953,1006,389,119,508,0,53834,40000,527,0,0,10240000,95744616,957446.160,21633.000,981192.000,981.192000,0.389000,13.953000,10.436286,97.579899,0.144391,40000,300,10,0,0.000000,0.000000
selective_repeat,10240,16,0.010000,0.010000,8,1,1000,1000,0,1.000000,1000,1000,40394,1011,9858,1006,394,71,447,0,49787,40000,491,0,0,10240000,94478608,944786.080,17539.000,963358.340,963.358340,0.394000,9.858000,10.629482,98.072134,0.132925,40000,300,10,0,0.000000,0.000000
stop_and_wait,10240,1,0.010000,0.020000,8,1,1000,1000,0,1.000000,1000,1000,40436,1011,86260,1023,436,1577,2024,0,124683,40000,2043,0,0,10240000,118402432,1184024.320,93949.400,1322341.160,1322.341160,0.436000,86.260000,7.743841,89.540003,0.308122,40000,300,10,0,0.000000,0.000000
selective_repeat,10240,4,0.010000,0.020000,8,1,1000,1000,0,1.000000,1000,1000,40380,1011,24431,1017,380,438,828,0,63993,40000,846,0,0,10240000,98993816,989938.160,32109.200,1034415.400,1034.415400,0.380000,24.431000,9.899311,95.700253,0.172474,40000,300,10,0,0.000000,0.000000
selective_repeat,10240,8,0.010000,0.020000,8,1,1000,1000,0,1.000000,1000,1000,40380,1011,14132,1019,380,252,633,0,53880,40000,659,0,0,10240000,95782496,957824.960,21810.200,986812.300,986.812300,0.380000,14.132000,10.376847,97.062527,0.144729,40000,300,10,0,0.000000,0.000000
selective_repeat,10240,16,0.010000,0.020000,8,1,1000,1000,0,1.000000,1000,1000,40393,1011,9985,1016,393,158,533,0,49827,40000,584,0,0,10240000,94517832,945178.320,17665.800,967178.500,967.178500,0.393000,9.985000,10.587498,97.725324,0.133285,40000,300,10,0,0.000000,0.000000
stop_and_wait,10240,1,0.010000,0.050000,8,1,1000,1000,0,1.000000,1000,1000,40413,1011,90325,1050,413,4376,4800,0,125949,40000,4857,0,0,10240000,119602312,1196023.120,98009.800,1445524.320,1445.524320,0.413000,90.325000,7.083935,82.739744,0.315063,40000,300,10,0,0.000000,0.000000
selective_repeat,10240,4,0.010000,0.050000,8,1,1000,1000,0,1.000000,1000,1000,40383,1011,25627,1052,383,1249,1642,0,64378,40000,1697,0,0,10240000,99375736,993757.360,33305.800,1070401.640,1070.401640,0.383000,25.627000,9.566503,92.839671,0.175654,40000,300,10,0,0.000000,0.000000
selective_repeat,10240,8,0.010000,0.050000,8,1,1000,1000,0,1.000000,1000,1000,40373,1011,14750,1052,373,677,1051,0,54073,40000,1105,0,0,10240000,95964592,959645.920,22426.800,1005409.580,1005.409580,0.373000,14.750000,10.184904,95.448257,0.146352,40000,300,10,0,0.000000,0.000000
selective_repeat,10240,16,0.010000,0.050000,8,1,1000,1000,0,1.000000,1000,1000,40396,1011,10431,1048,396,451,828,0,49980,40000,907,0,0,10240000,94669592,946695.920,18112.400,980230.200,980.230200,0.396000,10.431000,10.446526,96.578938,0.134675,40000,300,10,0,0.000000,0.000000
stop_and_wait,10240,1,0.010000,0.100000,8,1,1000,1000,0,1.000000,1000,1000,40405,1011,98068,1118,405,9655,10071,0,128413,40000,10155,0,0,10240000,121972832,1219728.320,105751.200,1678929.180,1678.929180,0.405000,98.068000,6.099126,72.649182,0.328375,40000,300,10,0,0.000000,0.000000
selective_repeat,10240,4,0.010000,0.100000,8,1,1000,1000,0,1.000000,1000,1000,40391,1011,27656,1114,391,2650,3051,0,65006,40000,3146,0,0,10240000,100029952,1000299.520,35336.400,1132653.580,1132.653580,0.391000,27.656000,9.040717,88.314692,0.181045,40000,300,10,0,0.000000,0.000000
selective_repeat,10240,8,0.010000,0.100000,8,1,1000,1000,0,1.000000,1000,1000,40377,1011,15938,1119,377,1498,1875,0,54440,40000,1993,0,0,10240000,96354000,963540.000,23615.600,1041861.020,1041.861020,0.377000,15.938000,9.828566,92.482585,0.149802,40000,300,10,0,0.000000,0.000000
selective_repeat,10240,16,0.010000,0.100000,8,1,1000,1000,0,1.000000,1000,1000,40394,1011,11249,1121,394,1002,1380,0,50247,40000,1505,0,0,10240000,94934440,949344.400,18930.000,1004580.120,1004.580120,0.394000,11.249000,10.193313,94.501611,0.137089,40000,300,10,0,0.000000,0.000000
one_way,10240,0,0.020000,0.000000,8,1,1000,448,552,0.448000,448,0,40000,1000,0,0,0,0,0,0,40191,39219,809,0,0,4587520,90272000,902720.000,8400.000,911120.000,911.120000,0.000000,0.000000,5.035034,99.078058,0.593449,40000,300,10,0,0.000000,0.000000
stop_and_wait,10240,1,0.020000,0.000000,8,1,1000,1000,0,1.000000,1000,1000,40805,1029,84668,1000,805,0,834,0,124668,40000,834,0,0,10240000,118751104,1187511.040,92434.800,1264048.920,1264.048920,0.805000,84.668000,8.100952,93.945022,0.310154,40000,300,10,0,0.000000,0.000000
selective_repeat,10240,4,0.020000,0.000000,8,1,1000,1000,0,1.000000,1000,1000,40805,1029,24636,1000,805,0,818,0,64636,40000,834,0,0,10240000,100021120,1000211.200,32402.800,1028123.160,1028.123160,0.805000,24.636000,9.959896,97.285154,0.180973,40000,300,10,0,0.000000,0.000000
selective_repeat,10240,8,0.020000,0.000000,8,1,1000,1000,0,1.000000,1000,1000,40766,1029,14492,1000,766,0,746,0,54492,40000,795,0,0,10240000,96768832,967688.320,22251.000,987375.840,987.375840,0.766000,14.492000,10.370924,98.006076,0.153446,40000,300,10,0,0.000000,0.000000
selective_repeat,10240,16,0.020000,0.000000,8,1,1000,1000,0,1.000000,1000,1000,40800,1029,10464,1000,800,0,732,0,50464,40000,829,0,0,10240000,95588256,955882.560,18229.800,972314.200,972.314200,0.800000,10.464000,10.531575,98.310048,0.142991,40000,300,10,0,0.000000,0.000000
stop_and_wait,10240,1,0.020000,0.010000,8,1,1000,1000,0,1.000000,1000,1000,40841,1029,85940,1007,841,808,1678,0,125132,40000,1686,0,0,10240000,119223744,1192237.440,93714.000,1300907.560,1300.907560,0.841000,85.940000,7.871428,91.646592,0.312889,40000,300,10,0,0.000000,0.000000
selective_repeat,10240,4,0.020000,0.010000,8,1,1000,1000,0,1.000000,1000,1000,40798,1029,24973,1012,798,235,1048,0,64738,40000,1074,0,0,10240000,100111688,1001116.880,32738.400,1038326.760,1038.326760,0.798000,24.973000,9.862021,96.416361,0.181714,40000,300,10,0,0.000000,0.000000
selective_repeat,10240,8,0.020000,0.010000,8,1,1000,1000,0,1.000000,1000,1000,40758,1029,14679,1008,758,135,876,0,54544,40000,933,0,0,10240000,96810136,968101.360,22436.400,993130.840,993.130840,0.758000,14.679000,10.310827,97.479740,0.153808,40000,300,10,0,0.000000,0.000000
selective_repeat,10240,16,0.020000,0.010000,8,1,1000,1000,0,1.000000,1000,1000,40798,1029,10579,1008,798,81,811,0,50498,40000,926,0,0,10240000,95621016,956210.160,18344.400,975838.340,975.838340,0.798000,10.579000,10.493541,97.988583,0.143285,40000,300,10,0,0.000000,0.000000
stop_and_wait,10240,1,0.020000,0.020000,8,1,1000,1000,0,1.000000,1000,1000,40876,1029,87186,1015,876,1583,2488,0,125603,40000,2510,0,0,10240000,119686960,1196869.600,94967.000,1336275.160,1336.275160,0.876000,87.186000,7.663092,89.567601,0.315548,40000,300,10,0,0.000000,0.000000
selective_repeat,10240,4,0.020000,0.020000,8,1,1000,1000,0,1.000000,1000,1000,40795,1029,25293,1024,795,456,1267,0,64837,40000,1300,0,0,10240000,100205992,1002059.920,33057.800,1048024.700,1048.024700,0.795000,25.293000,9.770762,95.614151,0.182484,40000,300,10,0,0.000000,0.000000
selective_repeat,10240,8,0.020000,0.020000,8,1,1000,1000,0,1.000000,1000,1000,40753,1029,14911,1024,753,294,1031,0,54617,40000,1097,0,0,10240000,96874168,968741.680,22667.400,1000023.740,1000.023740,0.753000,14.911000,10.239757,96.871868,0.154367,40000,300,10,0,0.000000,0.000000
selective_repeat,10240,16,0.020000,0.020000,8,1,1000,1000,0,1.000000,1000,1000,40796,1029,10702,1013,796,170,898,0,50532,40000,1018,0,0,10240000,95655376,956553.760,18467.000,979716.560,979.716560,0.796000,10.702000,10.452003,97.635765,0.143592,40000,300,10,0,0.000000,0.000000
stop_and_wait,10240,1,0.020000,0.050000,8,1,1000,1000,0,1.000000,1000,1000,40829,1029,91250,1046,829,4412,5270,0,126838,40000,5328,0,0,10240000,120833584,1208335.840,99021.600,1460055.080,1460.055080,0.829000,91.250000,7.013434,82.759607,0.322043,40000,300,10,0,0.000000,0.000000
selective_repeat,10240,4,0.020000,0.050000,8,1,1000,1000,0,1.000000,1000,1000,40779,1029,26456,1046,779,1265,2061,0,65191,40000,2120,0,0,10240000,100531840,1005318.400,34217.600,1083351.540,1083.351540,0.779000,26.456000,9.452149,92.797062,0.185134,40000,300,10,0,0.000000,0.000000
selective_repeat,10240,8,0.020000,0.050000,8,1,1000,1000,0,1.000000,1000,1000,40757,1029,15585,1059,757,741,1479,0,54844,40000,1571,0,0,10240000,97098824,970988.240,23342.200,1019906.220,1019.906220,0.757000,15.585000,10.040139,95.203679,0.156323,40000,300,10,0,0.000000,0.000000
selective_repeat,10240,16,0.020000,0.050000,8,1,1000,1000,0,1.000000,1000,1000,40798,1029,11161,1047,798,477,1203,0,50684,40000,1346,0,0,10240000,95809352,958093.520,18926.400,993333.860,993.333860,0.798000,11.161000,10.308719,96.452317,0.144969,40000,300,10,0,0.000000,0.000000
stop_and_wait,10240,1,0.020000,0.100000,8,1,1000,1000,0,1.000000,1000,1000,40816,1029,99079,1111,816,9760,10605,0,129319,40000,10697,0,0,10240000,123218296,1232182.960,106848.000,1696361.580,1696.361580,0.816000,99.079000,6.036449,72.636811,0.335164,40000,300,10,0,0.000000,0.000000
selective_repeat,10240,4,0.020000,0.100000,8,1,1000,1000,0,1.000000,1000,1000,40789,1029,28547,1113,789,2706,3506,0,65841,40000,3615,0,0,10240000,101211000,1012110.000,36310.600,1147387.640,1147.387640,0.789000,28.547000,8.924621,88.209944,0.190602,40000,300,10,0,0.000000,0.000000
selective_repeat,10240,8,0.020000,0.100000,8,1,1000,1000,0,1.000000,1000,1000,40772,1029,16788,1123,772,1563,2318,0,55225,40000,2478,0,0,10240000,97516544,975165.440,24548.200,1056760.560,1056.760560,0.772000,16.788000,9.689991,92.278750,0.159937,40000,300,10,0,0.000000,0.000000
selective_repeat,10240,16,0.020000,0.100000,8,1,1000,1000,0,1.000000,1000,1000,40795,1029,12054,1119,795,1076,1802,0,50978,40000,1992,0,0,10240000,96094800,960948.000,19818.800,1019777.800,1019.777800,0.795000,12.054000,10.041403,94.231116,0.147509,40000,300,10,0,0.000000,0.000000
one_way,10240,0,0.050000,0.000000,8,1,1000,122,878,0.122000,122,0,40000,1000,0,0,0,0,0,0,38922,37978,2078,0,0,1249280,90272000,902720.000,8400.000,911120.000,911.120000,0.000000,0.000000,1.371148,99.078058,0.889287,40000,300,10,0,0.000000,0.000000
stop_and_wait,10240,1,0.050000,0.000000,8,1,1000,1000,0,1.000000,1000,1000,42065,1058,87246,1000,2065,0,2123,0,127246,40000,2123,0,0,10240000,122397328,1223973.280,95270.600,1302857.140,1302.857140,2.065000,87.246000,7.859649,93.945318,0.330704,40000,300,10,0,0.000000,0.000000
selective_repeat,10240,4,0.050000,0.000000,8,1,1000,1000,0,1.000000,1000,1000,42117,1058,27062,1000,2117,0,2031,0,67062,40000,2175,0,0,10240000,103736400,1037364.000,35097.000,1067509.220,1067.509220,2.117000,27.062000,9.592423,97.176116,0.210306,40000,300,10,0,0.000000,0.000000
selective_repeat,10240,8,0.050000,0.000000,8,1,1000,1000,0,1.000000,1000,1000,42111,1058,16718,1000,2111,0,1859,0,56718,40000,2169,0,0,10240000,100495632,1004956.320,24751.800,1026721.700,1026.721700,2.111000,16.718000,9.973491,97.880109,0.184840,40000,300,10,0,0.000000,0.000000
selective_repeat,10240,16,0.050000,0.000000,8,1,1000,1000,0,1.000000,1000,1000,42103,1058,12212,1000,2103,0,1606,0,52212,40000,2161,0,0,10240000,99071840,990718.400,20244.200,1008832.320,1008.832320,2.103000,12.212000,10.150349,98.204467,0.173125,40000,300,10,0,0.000000,0.000000
stop_and_wait,10240,1,0.050000,0.010000,8,1,1000,1000,0,1.000000,1000,1000,42111,1058,88577,1015,2111,831,3000,0,127746,40000,3010,0,0,10240000,122912712,1229127.120,96610.800,1341038.360,1341.038360,2.111000,88.577000,7.635874,91.654882,0.333511,40000,300,10,0,0.000000,0.000000
selective_repeat,10240,4,0.050000,0.010000,8,1,1000,1000,0,1.000000,1000,1000,42102,1058,27425,1010,2102,267,2287,0,67158,40000,2433,0,0,10240000,103816232,1038162.320,35457.000,1078901.180,1078.901180,2.102000,27.425000,9.491138,96.224042,0.210913,40000,300,10,0,0.000000,0.000000
selective_repeat,10240,8,0.050000,0.010000,8,1,1000,1000,0,1.000000,1000,1000,42097,1058,16937,1009,2097,162,2011,0,56775,40000,2327,0,0,10240000,100533544,1005335.440,24968.000,1033496.820,1033.496820,2.097000,16.937000,9.908110,97.275136,0.185148,40000,300,10,0,0.000000,0.000000
selective_repeat,10240,16,0.050000,0.010000,8,1,1000,1000,0,1.000000,1000,1000,42099,1058,12363,1010,2099,115,1711,0,52248,40000,2283,0,0,10240000,99111608,991116.080,20394.400,1013753.220,1013.753220,2.099000,12.363000,10.101078,97.766997,0.173457,40000,300,10,0,0.000000,0.000000
stop_and_wait,10240,1,0.050000,0.020000,8,1,1000,1000,0,1.000000,1000,1000,42151,1058,89861,1020,2151,1628,3837,0,128233,40000,3865,0,0,10240000,123397960,1233979.600,97902.800,1377531.980,1377.531980,2.151000,89.861000,7.433584,89.579017,0.336132,40000,300,10,0,0.000000,0.000000
selective_repeat,10240,4,0.050000,0.020000,8,1,1000,1000,0,1.000000,1000,1000,42102,1058,27784,1012,2102,508,2526,0,67276,40000,2682,0,0,10240000,103926848,1039268.480,35816.000,1089552.120,1089.552120,2.102000,27.784000,9.398357,95.384926,0.211753,40000,300,10,0,0.000000,0.000000
selective_repeat,10240,8,0.050000,0.020000,8,1,1000,1000,0,1.000000,1000,1000,42094,1058,17196,1021,2094,334,2181,0,56862,40000,2516,0,0,10240000,100609408,1006094.080,25226.400,1041026.020,1041.026020,2.094000,17.196000,9.836450,96.644470,0.185762,40000,300,10,0,0.000000,0.000000
selective_repeat,10240,16,0.050000,0.020000,8,1,1000,1000,0,1.000000,1000,1000,42105,1058,12529,1018,2105,226,1822,0,52303,40000,2415,0,0,10240000,99177992,991779.920,20561.600,1018801.680,1018.801680,2.105000,12.529000,10.051024,97.347692,0.174010,40000,300,10,0,0.000000,0.000000
stop_and_wait,10240,1,0.050000,0.050000,8,1,1000,1000,0,1.000000,1000,1000,42167,1058,94188,1053,2167,4544,6769,0,129644,40000,6816,0,0,10240000,124767680,1247676.800,102233.000,1507081.500,1507.081500,2.167000,94.188000,6.794589,82.787613,0.343420,40000,300,10,0,0.000000,0.000000
selective_repeat,10240,4,0.050000,0.050000,8,1,1000,1000,0,1.000000,1000,1000,42091,1058,29078,1047,2091,1389,3400,0,67689,40000,3580,0,0,10240000,104307632,1043076.320,37107.800,1128241.560,1128.241560,2.091000,29.078000,9.076071,92.451507,0.214631,40000,300,10,0,0.000000,0.000000
selective_repeat,10240,8,0.050000,0.050000,8,1,1000,1000,0,1.000000,1000,1000,42119,1058,17993,1056,2119,861,2718,0,57132,40000,3082,0,0,10240000,100918600,1009186.000,26028.400,1064994.640,1064.994640,2.119000,17.993000,9.615072,94.759726,0.188257,40000,300,10,0,0.000000,0.000000
selective_repeat,10240,16,0.050000,0.050000,8,1,1000,1000,0,1.000000,1000,1000,42119,1058,13144,1060,2119,618,2225,0,52526,40000,2844,0,0,10240000,99408928,994089.280,21179.400,1036554.460,1036.554460,2.119000,13.144000,9.878883,95.903237,0.175929,40000,300,10,0,0.000000,0.000000
stop_and_wait,10240,1,0.050000,0.100000,8,1,1000,1000,0,1.000000,1000,1000,42129,1058,102250,1119,2129,10082,12269,0,132168,40000,12370,0,0,10240000,127167792,1271677.920,110287.400,1751035.900,1751.035900,2.129000,102.250000,5.847967,72.624320,0.355812,40000,300,10,0,0.000000,0.000000
selective_repeat,10240,4,0.050000,0.100000,8,1,1000,1000,0,1.000000,1000,1000,42125,1058,31477,1103,2125,2991,5028,0,68486,40000,5264,0,0,10240000,105132904,1051329.040,39513.600,1200118.840,1200.118840,2.125000,31.477000,8.532488,87.602078,0.220796,40000,300,10,0,0.000000,0.000000
selective_repeat,10240,8,0.050000,0.100000,8,1,1000,1000,0,1.000000,1000,1000,42093,1058,19332,1108,2093,1831,3667,0,57501,40000,4069,0,0,10240000,101282496,1012824.960,27362.200,1107174.180,1107.174180,2.093000,19.332000,9.248771,91.478376,0.191173,40000,300,10,0,0.000000,0.000000
selective_repeat,10240,16,0.050000,0.100000,8,1,1000,1000,0,1.000000,1000,1000,42120,1058,14270,1140,2120,1352,2969,0,52918,40000,3620,0,0,10240000,99777168,997771.680,22305.600,1069142.500,1069.142500,2.120000,14.270000,9.577769,93.324480,0.178970,40000,300,10,0,0.000000,0.000000
one_way,10240,0,0.100000,0.000000,8,1,1000,11,989,0.011000,11,0,40000,1000,0,0,0,0,0,0,36860,35961,4140,0,0,112640,90272000,902720.000,8400.000,911120.000,911.120000,0.000000,0.000000,0.123628,99.078058,0.990018,40000,300,10,0,0.000000,0.000000
stop_and_wait,10240,1,0.100000,0.000000,8,1,1000,1000,0,1.000000,1000,1000,44381,1108,91978,1000,4381,0,4489,0,131978,40000,4489,0,0,10240000,129095152,1290951.520,100475.800,1374141.500,1374.141500,4.381000,91.978000,7.451925,93.946040,0.365429,40000,300,10,0,0.000000,0.000000
selective_repeat,10240,4,0.100000,0.000000,8,1,1000,1000,0,1.000000,1000,1000,44477,1108,30982,1000,4477,0,3991,0,70982,40000,4585,0,0,10240000,110279440,1102794.400,39499.000,1136596.820,1136.596820,4.477000,30.982000,9.009351,97.025997,0.257160,40000,300,10,0,0.000000,0.000000
selective_repeat,10240,8,0.100000,0.000000,8,1,1000,1000,0,1.000000,1000,1000,44485,1108,19804,1000,4485,0,3402,0,59804,40000,4593,0,0,10240000,106809824,1068098.240,28322.600,1092848.080,1092.848080,4.485000,19.804000,9.370012,97.735290,0.233029,40000,300,10,0,0.000000,0.000000
selective_repeat,10240,16,0.100000,0.000000,8,1,1000,1000,0,1.000000,1000,1000,44476,1108,14454,1000,4476,0,2727,0,54454,40000,4584,0,0,10240000,105120464,1051204.640,22970.800,1071619.180,1071.619180,4.476000,14.454000,9.555633,98.094982,0.220704,40000,300,10,0,0.000000,0.000000
stop_and_wait,10240,1,0.100000,0.010000,8,1,1000,1000,0,1.000000,1000,1000,44435,1108,93404,1016,4435,879,5422,0,132525,40000,5436,0,0,10240000,129658080,1296580.800,101912.600,1414690.880,1414.690880,4.435000,93.404000,7.238330,91.651174,0.368184,40000,300,10,0,0.000000,0.000000
selective_repeat,10240,4,0.100000,0.010000,8,1,1000,1000,0,1.000000,1000,1000,44465,1108,31369,1006,4465,295,4272,0,71074,40000,4877,0,0,10240000,110372040,1103720.400,39883.600,1149272.280,1149.272280,4.465000,31.369000,8.909986,96.036459,0.257783,40000,300,10,0,0.000000,0.000000
selective_repeat,10240,8,0.100000,0.010000,8,1,1000,1000,0,1.000000,1000,1000,44491,1108,20099,1006,4491,183,3593,0,59916,40000,4790,0,0,10240000,106915448,1069154.480,28618.800,1101146.140,1101.146140,4.491000,20.099000,9.299401,97.094694,0.233787,40000,300,10,0,0.000000,0.000000
selective_repeat,10240,16,0.100000,0.010000,8,1,1000,1000,0,1.000000,1000,1000,44475,1108,14656,1010,4475,134,2862,0,54522,40000,4726,0,0,10240000,105182720,1051827.200,23172.600,1077535.280,1077.535280,4.475000,14.656000,9.503169,97.614177,0.221165,40000,300,10,0,0.000000,0.000000
stop_and_wait,10240,1,0.100000,0.020000,8,1,1000,1000,0,1.000000,1000,1000,44472,1108,94749,1022,4472,1727,6307,0,133022,40000,6322,0,0,10240000,130155336,1301553.360,103265.000,1453350.380,1453.350380,4.472000,94.749000,7.045789,89.555373,0.370598,40000,300,10,0,0.000000,0.000000
selective_repeat,10240,4,0.100000,0.020000,8,1,1000,1000,0,1.000000,1000,1000,44447,1108,31801,1016,4447,577,4553,0,71224,40000,5145,0,0,10240000,110466984,1104669.840,40312.000,1161338.940,1161.338940,4.447000,31.801000,8.817409,95.120365,0.258421,40000,300,10,0,0.000000,0.000000
selective_repeat,10240,8,0.100000,0.020000,8,1,1000,1000,0,1.000000,1000,1000,44464,1108,20359,1011,4464,377,3771,0,59982,40000,4964,0,0,10240000,106935832,1069358.320,28873.400,1108996.620,1108.996620,4.464000,20.359000,9.233572,96.425751,0.233933,40000,300,10,0,0.000000,0.000000
selective_repeat,10240,16,0.100000,0.020000,8,1,1000,1000,0,1.000000,1000,1000,44482,1108,14863,1021,4482,269,2998,0,54594,40000,4878,0,0,10240000,105264760,1052647.600,23381.000,1083676.440,1083.676440,4.482000,14.863000,9.449315,97.136706,0.221772,40000,300,10,0,0.000000,0.000000
stop_and_wait,10240,1,0.100000,0.050000,8,1,1000,1000,0,1.000000,1000,1000,44487,1108,99323,1060,4487,4806,9401,0,134517,40000,9457,0,0,10240000,131599928,1315999.280,107842.000,1590083.820,1590.083820,4.487000,99.323000,6.439912,82.762887,0.377507,40000,300,10,0,0.000000,0.000000
selective_repeat,10240,4,0.100000,0.050000,8,1,1000,1000,0,1.000000,1000,1000,44442,1108,33302,1047,4442,1580,5558,0,71722,40000,6174,0,0,10240000,110923888,1109238.880,41812.000,1205634.440,1205.634440,4.442000,33.302000,8.493453,92.004578,0.261476,40000,300,10,0,0.000000,0.000000
selective_repeat,10240,8,0.100000,0.050000,8,1,1000,1000,0,1.000000,1000,1000,44446,1108,21259,1046,4446,1055,4399,0,60204,40000,5656,0,0,10240000,107179576,1071795.760,29769.800,1138205.100,1138.205100,4.446000,21.259000,8.996621,94.165433,0.235675,40000,300,10,0,0.000000,0.000000
selective_repeat,10240,16,0.100000,0.050000,8,1,1000,1000,0,1.000000,1000,1000,44474,1108,15534,1044,4474,716,3446,0,54818,40000,5343,0,0,10240000,105458480,1054584.800,24050.400,1103287.720,1103.287720,4.474000,15.534000,9.281350,95.585656,0.223201,40000,300,10,0,0.000000,0.000000
stop_and_wait,10240,1,0.100000,0.100000,8,1,1000,1000,0,1.000000,1000,1000,44462,1109,107825,1115,4462,10637,15208,0,137188,40000,15310,0,0,10240000,134161512,1341615.120,116339.200,1847417.160,1847.417160,4.462000,107.825000,5.542874,72.621125,0.389393,40000,300,10,0,0.000000,0.000000
selective_repeat,10240,4,0.100000,0.100000,8,1,1000,1000,0,1.000000,1000,1000,44485,1109,36145,1117,4485,3491,7492,0,72654,40000,8180,0,0,10240000,111909416,1119094.160,44663.800,1291374.800,1291.374800,4.485000,36.145000,7.929534,86.659129,0.267979,40000,300,10,0,0.000000,0.000000
selective_repeat,10240,8,0.100000,0.100000,8,1,1000,1000,0,1.000000,1000,1000,44393,1109,22959,1109,4393,2276,5594,0,60683,40000,6878,0,0,10240000,107597016,1075970.160,31459.400,1190851.320,1190.851320,4.393000,22.959000,8.598890,90.353022,0.238641,40000,300,10,0,0.000000,0.000000
selective_repeat,10240,16,0.100000,0.100000,8,1,1000,1000,0,1.000000,1000,1000,44502,1109,16762,1097,4502,1554,4287,0,55208,40000,6267,0,0,10240000,105911312,1059113.120,25284.200,1141040.900,1141.040900,4.502000,16.762000,8.974262,92.819909,0.226523,40000,300,10,0,0.000000,0.000000
one_way,10240,0,0.200000,0.000000,8,1,1000,0,1000,0.000000,0,0,40000,1000,0,0,0,0,0,0,32786,31981,8214,0,0,0,90272000,902720.000,8400.000,911120.000,911.120000,0.000000,0.000000,0.000000,99.078058,1.000000,40000,300,10,0,0.000000,0.000000
stop_and_wait,10240,1,0.200000,0.000000,8,1,1000,1000,0,1.000000,1000,1000,49886,1238,103248,1000,9886,0,10124,0,143248,40000,10124,0,0,10240000,145029952,1450299.520,112872.800,1543745.200,1543.745200,9.886000,103.248000,6.633219,93.946820,0.435151,40000,300,10,0,0.000000,0.000000
selective_repeat,10240,4,0.200000,0.000000,8,1,1000,1000,0,1.000000,1000,1000,50123,1238,39234,1000,10123,0,8117,0,79234,40000,10361,0,0,10240000,125588464,1255884.640,48906.200,1297526.380,1297.526380,10.123000,39.234000,7.891940,96.790683,0.347711,40000,300,10,0,0.000000,0.000000
selective_repeat,10240,8,0.200000,0.000000,8,1,1000,1000,0,1.000000,1000,1000,50116,1238,25564,1000,10116,0,6282,0,65564,40000,10354,0,0,10240000,121307744,1213077.440,35234.800,1243645.080,1243.645080,10.116000,25.564000,8.233860,97.542093,0.324693,40000,300,10,0,0.000000,0.000000
selective_repeat,10240,16,0.200000,0.000000,8,1,1000,1000,0,1.000000,1000,1000,50159,1238,18418,1000,10159,0,4709,0,58418,40000,10397,0,0,10240000,119174512,1191745.120,28097.400,1216533.100,1216.533100,10.159000,18.418000,8.417362,97.962408,0.312605,40000,300,10,0,0.000000,0.000000
stop_and_wait,10240,1,0.200000,0.010000,8,1,1000,1000,0,1.000000,1000,1000,49878,1237,104714,1006,9878,989,11104,0,143725,40000,11107,0,0,10240000,145462384,1454623.840,114337.000,1587259.880,1587.259880,9.878000,104.714000,6.451370,91.643710,0.436830,40000,300,10,0,0.000000,0.000000
selective_repeat,10240,4,0.200000,0.010000,8,1,1000,1000,0,1.000000,1000,1000,50107,1237,39734,1015,10107,362,8462,0,79372,40000,10717,0,0,10240000,125708752,1257087.520,49402.800,1313046.360,1313.046360,10.107000,39.734000,7.798658,95.738243,0.348335,40000,300,10,0,0.000000,0.000000
selective_repeat,10240,8,0.200000,0.010000,8,1,1000,1000,0,1.000000,1000,1000,50106,1237,25897,1007,10106,244,6510,0,65653,40000,10592,0,0,10240000,121388392,1213883.920,35565.600,1254085.840,1254.085840,10.106000,25.897000,8.165310,96.794325,0.325141,40000,300,10,0,0.000000,0.000000
selective_repeat,10240,16,0.200000,0.010000,8,1,1000,1000,0,1.000000,1000,1000,50163,1237,18667,1007,10163,151,4869,0,58516,40000,10557,0,0,10240000,119261144,1192611.440,28347.000,1223370.580,1223.370580,10.163000,18.667000,8.370317,97.485705,0.313104,40000,300,10,0,0.000000,0.000000
stop_and_wait,10240,1,0.200000,0.020000,8,1,1000,1000,0,1.000000,1000,1000,49977,1236,106362,1021,9977,1959,12172,0,144403,40000,12184,0,0,10240000,146193680,1461936.800,116004.600,1633192.840,1633.192840,9.977000,106.362000,6.269927,89.514034,0.439647,40000,300,10,0,0.000000,0.000000
selective_repeat,10240,4,0.200000,0.020000,8,1,1000,1000,0,1.000000,1000,1000,50098,1236,40272,1021,10098,741,8821,0,79531,40000,11095,0,0,10240000,125854432,1258544.320,49938.800,1329453.380,1329.453380,10.098000,40.272000,7.702414,94.666300,0.349089,40000,300,10,0,0.000000,0.000000
selective_repeat,10240,8,0.200000,0.020000,8,1,1000,1000,0,1.000000,1000,1000,50111,1236,26310,1012,10111,506,6787,0,65804,40000,10870,0,0,10240000,121526800,1215268.000,35979.400,1265905.940,1265.905940,10.111000,26.310000,8.089069,95.999866,0.325910,40000,300,10,0,0.000000,0.000000
selective_repeat,10240,16,0.200000,0.020000,8,1,1000,1000,0,1.000000,1000,1000,50139,1236,18878,1015,10139,328,5014,0,58550,40000,10717,0,0,10240000,119273328,1192733.280,28553.000,1230403.760,1230.403760,10.139000,18.878000,8.322471,96.938364,0.313174,40000,300,10,0,0.000000,0.000000
stop_and_wait,10240,1,0.200000,0.050000,8,1,1000,1000,0,1.000000,1000,1000,50074,1234,111662,1055,10074,5416,15724,0,146246,40000,15771,0,0,10240000,148043056,1480430.560,121323.600,1789124.720,1789.124720,10.074000,111.662000,5.723469,82.746079,0.446647,40000,300,10,0,0.000000,0.000000
selective_repeat,10240,4,0.200000,0.050000,8,1,1000,1000,0,1.000000,1000,1000,49972,1234,42046,1054,9972,2033,10043,0,80013,40000,12278,0,0,10240000,126122064,1261220.640,51687.200,1383225.660,1383.225660,9.972000,42.046000,7.402986,91.179673,0.350471,40000,300,10,0,0.000000,0.000000
selective_repeat,10240,8,0.200000,0.050000,8,1,1000,1000,0,1.000000,1000,1000,50113,1234,27382,1047,10113,1302,7522,0,66080,40000,11691,0,0,10240000,121866992,1218669.920,37051.400,1300688.800,1300.688800,10.113000,27.382000,7.872752,93.694196,0.327792,40000,300,10,0,0.000000,0.000000
selective_repeat,10240,16,0.200000,0.050000,8,1,1000,1000,0,1.000000,1000,1000,50104,1234,19716,1047,10104,906,5577,0,58810,40000,11284,0,0,10240000,119458624,1194586.240,29383.600,1255063.300,1255.063300,10.104000,19.716000,8.158951,95.181354,0.314240,40000,300,10,0,0.000000,0.000000
stop_and_wait,10240,1,0.200000,0.100000,8,1,1000,995,5,0.995000,995,995,49894,1241,120935,1110,10008,11981,22227,5,148842,39883,22335,0,0,10188800,150495896,1504958.960,130562.000,2074256.100,2074.256100,10.008000,120.935000,4.912026,72.554154,0.458388,40000,300,10,0,0.000000,0.000000
selective_repeat,10240,4,0.200000,0.100000,8,1,1000,994,6,0.994000,996,994,49936,1241,45482,1121,10000,4408,12432,6,81012,39932,14757,0,0,10178560,127114544,1271145.440,55117.400,1487523.160,1487.523160,10.000000,45.482000,6.842623,85.453825,0.359409,40000,300,10,0,0.000000,0.000000
selective_repeat,10240,8,0.200000,0.100000,8,1,1000,998,2,0.998000,998,998,50027,1241,29679,1112,10043,2881,9082,2,66782,39982,13269,0,0,10219520,122399320,1223993.200,39332.600,1368502.080,1368.502080,10.043000,29.679000,7.467669,89.440361,0.332054,40000,300,10,0,0.000000,0.000000
selective_repeat,10240,16,0.200000,0.100000,8,1,1000,998,2,0.998000,998,998,50023,1241,21125,1100,10055,1961,6588,2,59132,39966,12366,0,0,10219520,119725416,1197254.160,30777.800,1299592.980,1299.592980,10.055000,21.125000,7.863631,92.125318,0.317136,40000,300,10,0,0.000000,0.000000
